-------------------------------------------------------------------------------
      name:  earnsel
       log:  /Users/ethanballou/Documents/GitHub/LifetimeEarningsRisk/OtherOutp
> ut/ThirdDraft/3.2_EarningsSelection.log
  log type:  text
 opened on:  18 Aug 2026, 14:00:22

. 
. * Record the exact bin sizes
. tabulate z zbin

   horizon |  Horizon bin for the selection
    (years |           regressions
    ahead) |     z 2-8    z 10-22    z 24-34 |     Total
-----------+---------------------------------+----------
         2 |   114,140          0          0 |   114,140 
         4 |    96,641          0          0 |    96,641 
         6 |    81,913          0          0 |    81,913 
         8 |    68,834          0          0 |    68,834 
        10 |         0     57,398          0 |    57,398 
        12 |         0     47,566          0 |    47,566 
        14 |         0     39,741          0 |    39,741 
        16 |         0     32,325          0 |    32,325 
        18 |         0     25,882          0 |    25,882 
        20 |         0     20,467          0 |    20,467 
        22 |         0     15,920          0 |    15,920 
        24 |         0          0     12,342 |    12,342 
        26 |         0          0      9,374 |     9,374 
        28 |         0          0      7,431 |     7,431 
        30 |         0          0      5,806 |     5,806 
        32 |         0          0      4,407 |     4,407 
        34 |         0          0      3,199 |     3,199 
-----------+---------------------------------+----------
     Total |   361,528    239,299     42,559 |   643,386 

. 
. forvalues b = 1/3 {
  2. 
.         preserve
  3.         keep if zbin == `b'
  4. 
.         * z dummies for this bin's horizons; first level is the reference
.         tabulate z, generate(z_dum)
  5.         drop z_dum1
  6. 
.         foreach x in fearn fhwage {
  7. 
.                 stepwise, pr(.1) lockterm1: regress G_`x' (z_dum*) `CANDIDATE
> S'
  8.                 local swsel_`b'_`x' : colnames e(b)
  9. 
.                 lasso linear G_`x' (z_dum*) `LASSOCANDS', selection(plugin)
 10.                 lassocoef
 11.                 local lasel_`b'_`x' "`e(allvars_sel)'"
 12. 
.                 * F-tests per control set: same sets of controls, but in i.()
.                 * factor notation (references handled cleanly), one regressio
> n
.                 * per run and a testparm per set
.                 local col = cond("`x'"=="fearn", `b', 3+`b')
 13. 
.                 quietly regress G_`x' z_dum* i.educwrths postgrad i.race OLF 
> ///
>                         unemp student i.occ i.twoind i.tenurebin i.censdiv //
> /
>                         i.year i.agebin4
 14. 
.                 forvalues s = 1/12 {
 15.                         quietly testparm `TP`s''
 16.                         matrix FT[`s', `col']  = r(F)
 17.                         matrix FTP[`s', `col'] = r(p)
 18.                 }
 19. 
.         }
 20. 
.         restore
 21. }
(281,858 observations deleted)

    horizon |
     (years |
     ahead) |      Freq.     Percent        Cum.
------------+-----------------------------------
          2 |    114,140       31.57       31.57
          4 |     96,641       26.73       58.30
          6 |     81,913       22.66       80.96
          8 |     68,834       19.04      100.00
------------+-----------------------------------
      Total |    361,528      100.00
note: o.educ_dum4 omitted because of estimability.
note: o.race_dum6 omitted because of estimability.
note: o.occ_dum79 omitted because of estimability.
note: twoind_dum1 omitted because of estimability.
note: o.twoind_dum34 omitted because of estimability.
note: o.censdiv_dum10 omitted because of estimability.
note: o.year_dum37 omitted because of estimability.

Wald test, begin with full model:
p < 0.1000 for all terms in model

      Source |       SS           df       MS      Number of obs   =   345,312
-------------+----------------------------------   F(183, 345128)  =     93.22
       Model |  7643.34291       183  41.7669011   Prob > F        =    0.0000
    Residual |  154641.101   345,128  .448068834   R-squared       =    0.0471
-------------+----------------------------------   Adj R-squared   =    0.0466
       Total |  162284.444   345,311  .469966041   Root MSE        =    .66938

------------------------------------------------------------------------------
     G_fearn | Coefficient  Std. err.      t    P>|t|     [95% conf. interval]
-------------+----------------------------------------------------------------
      z_dum2 |   .0045636   .0030341     1.50   0.133    -.0013832    .0105104
      z_dum3 |   .0094627   .0031915     2.96   0.003     .0032073     .015718
      z_dum4 |   .0102725   .0033844     3.04   0.002     .0036392    .0169059
   educ_dum1 |  -.0686413   .0051339   -13.37   0.000    -.0787036   -.0585789
   educ_dum2 |  -.0664063    .003944   -16.84   0.000    -.0741364   -.0586761
   educ_dum3 |  -.0496814   .0038923   -12.76   0.000    -.0573102   -.0420525
    postgrad |   .0092378   .0043781     2.11   0.035     .0006568    .0178188
   race_dum1 |    .030529   .0150545     2.03   0.043     .0010227    .0600354
   race_dum2 |   .0269531   .0152305     1.77   0.077    -.0028983    .0568044
   race_dum3 |   .0030087   .0168869     0.18   0.859    -.0300891    .0361066
   race_dum4 |   .0507387   .0191132     2.65   0.008     .0132773       .0882
   race_dum5 |   .0428914   .0157543     2.72   0.006     .0120135    .0737692
         OLF |   .3243842   .0108584    29.87   0.000      .303102    .3456664
       unemp |   .0813038   .0080433    10.11   0.000     .0655391    .0970684
     student |   .0426501   .0077082     5.53   0.000     .0275424    .0577579
    occ_dum1 |   .1596443   .0092563    17.25   0.000     .1415022    .1777864
    occ_dum2 |   .0218609   .0260637     0.84   0.402    -.0292232     .072945
    occ_dum3 |    .012212   .0109907     1.11   0.267    -.0093295    .0337535
    occ_dum4 |   .0236505   .0135279     1.75   0.080    -.0028639    .0501648
    occ_dum5 |   .0794978   .0254565     3.12   0.002     .0296039    .1293918
    occ_dum6 |  -.0141472   .0231115    -0.61   0.540     -.059445    .0311507
    occ_dum7 |   .0288267   .0167776     1.72   0.086    -.0040568    .0617103
    occ_dum8 |   .0110076   .0145646     0.76   0.450    -.0175387    .0395538
    occ_dum9 |  -.0098582   .0112829    -0.87   0.382    -.0319724     .012256
   occ_dum10 |   .0496757   .0285906     1.74   0.082     -.006361    .1057124
   occ_dum11 |    .023536   .0140894     1.67   0.095    -.0040787    .0511507
   occ_dum12 |   .0709451   .0171118     4.15   0.000     .0374064    .1044838
   occ_dum13 |  -.0250594   .0136375    -1.84   0.066    -.0517885    .0016697
   occ_dum14 |   .1079712   .0239692     4.50   0.000     .0609922    .1549502
   occ_dum15 |   .0520174   .0221731     2.35   0.019     .0085587     .095476
   occ_dum16 |   -.051004   .0201161    -2.54   0.011     -.090431   -.0115769
   occ_dum17 |   .0652602   .0279102     2.34   0.019      .010557    .1199634
   occ_dum18 |   .0760192    .035593     2.14   0.033     .0062579    .1457804
   occ_dum19 |   .0120785    .013821     0.87   0.382    -.0150102    .0391672
   occ_dum20 |   .0205462    .015547     1.32   0.186    -.0099256    .0510179
   occ_dum21 |   .0091245   .0091319     1.00   0.318    -.0087737    .0270227
   occ_dum22 |   .0283571   .0184526     1.54   0.124    -.0078095    .0645237
   occ_dum23 |  -.1083851   .0203802    -5.32   0.000    -.1483297   -.0684406
   occ_dum24 |  -.0470521   .0330966    -1.42   0.155    -.1119205    .0178163
   occ_dum25 |   .0395627   .0150431     2.63   0.009     .0100786    .0690467
   occ_dum26 |   .0477942   .0238342     2.01   0.045     .0010799    .0945086
   occ_dum27 |  -.0137463   .0668331    -0.21   0.837    -.1447372    .1172446
   occ_dum28 |  -.0006084   .0791346    -0.01   0.994    -.1557099    .1544932
   occ_dum29 |   .0124013   .0132974     0.93   0.351    -.0136613    .0384639
   occ_dum30 |  -.0887185   .0324372    -2.74   0.006    -.1522945   -.0251426
   occ_dum31 |   .0149575   .0112731     1.33   0.185    -.0071374    .0370524
   occ_dum32 |   .0170012   .0129054     1.32   0.188    -.0082931    .0422955
   occ_dum33 |  -.1071781   .0388213    -2.76   0.006    -.1832667   -.0310896
   occ_dum34 |   .0511646    .054687     0.94   0.349    -.0560202    .1583495
   occ_dum35 |  -.0062117   .0149311    -0.42   0.677    -.0354763    .0230529
   occ_dum36 |   .0188418   .0110672     1.70   0.089    -.0028495    .0405331
   occ_dum37 |   .0934231   .0404756     2.31   0.021     .0140921     .172754
   occ_dum38 |  -.0249426   .0191903    -1.30   0.194    -.0625551    .0126699
   occ_dum39 |  -.0371838   .3349599    -0.11   0.912    -.6936955    .6193278
   occ_dum40 |   .0109801   .0153634     0.71   0.475    -.0191316    .0410919
   occ_dum41 |   .0008038   .0224716     0.04   0.971      -.04324    .0448475
   occ_dum42 |   .0055186   .0123775     0.45   0.656     -.018741    .0297781
   occ_dum43 |   .0008236    .034334     0.02   0.981    -.0664701    .0681172
   occ_dum44 |  -.1213949   .0329927    -3.68   0.000    -.1860597   -.0567301
   occ_dum45 |  -.0052017   .0120718    -0.43   0.667    -.0288621    .0184586
   occ_dum46 |    .026983   .0213042     1.27   0.205    -.0147727    .0687386
   occ_dum47 |   .0726636   .0285136     2.55   0.011     .0167778    .1285493
   occ_dum48 |    .020109   .0176581     1.14   0.255    -.0145004    .0547184
   occ_dum49 |  -.0850094    .049161    -1.73   0.084    -.1813637    .0113448
   occ_dum50 |   .0353389   .0526321     0.67   0.502    -.0678185    .1384962
   occ_dum51 |  -.0378625   .0700875    -0.54   0.589    -.1752319    .0995069
   occ_dum52 |    .002603   .0112459     0.23   0.817    -.0194387    .0246447
   occ_dum53 |  -.1382649   .0326464    -4.24   0.000    -.2022509   -.0742788
   occ_dum54 |  -.0276896   .0248196    -1.12   0.265    -.0763353    .0209561
   occ_dum55 |  -.0435714   .0218732    -1.99   0.046    -.0864422   -.0007005
   occ_dum56 |   -.031693   .0277222    -1.14   0.253    -.0860277    .0226417
   occ_dum57 |   .0252197   .0324572     0.78   0.437    -.0383955    .0888349
   occ_dum58 |  -.0196373   .0155084    -1.27   0.205    -.0500333    .0107587
   occ_dum59 |   .0078689   .0189539     0.42   0.678    -.0292803    .0450181
   occ_dum60 |   .0761987   .0556646     1.37   0.171    -.0329024    .1852998
   occ_dum61 |   .0856276   .0280207     3.06   0.002      .030708    .1405473
   occ_dum62 |  -.3644784   .1157104    -3.15   0.002    -.5912675   -.1376893
   occ_dum63 |   .0243583   .0153837     1.58   0.113    -.0057934    .0545099
   occ_dum64 |   .0022877   .0098465     0.23   0.816    -.0170112    .0215866
   occ_dum65 |   .0330951   .0111665     2.96   0.003      .011209    .0549812
   occ_dum66 |   .0292626   .0410188     0.71   0.476     -.051133    .1096583
   occ_dum67 |  -.0289352   .0118101    -2.45   0.014    -.0520826   -.0057878
   occ_dum68 |  -.2633093   .0635269    -4.14   0.000    -.3878201   -.1387985
   occ_dum69 |  -.0465335   .0493727    -0.94   0.346    -.1433025    .0502355
   occ_dum70 |  -.0012391   .0206566    -0.06   0.952    -.0417254    .0392472
   occ_dum71 |   .0082483   .0158276     0.52   0.602    -.0227732    .0392699
   occ_dum72 |  -.0714274   .1013572    -0.70   0.481    -.2700847    .1272298
   occ_dum73 |  -.0032538   .0113609    -0.29   0.775    -.0255209    .0190132
   occ_dum74 |    .037199   .0230127     1.62   0.106    -.0079053    .0823033
   occ_dum75 |  -.0060361   .0110502    -0.55   0.585    -.0276942     .015622
   occ_dum76 |   .0167641    .009804     1.71   0.087    -.0024515    .0359796
   occ_dum77 |   .0187712   .0099941     1.88   0.060     -.000817    .0383594
   occ_dum78 |   .0195097   .0152234     1.28   0.200    -.0103277    .0493471
 twoind_dum2 |   .0343167   .0159693     2.15   0.032     .0030174     .065616
 twoind_dum3 |   .0656153   .0585113     1.12   0.262    -.0490651    .1802956
 twoind_dum4 |  -.0075096   .0115206    -0.65   0.515    -.0300897    .0150704
 twoind_dum5 |  -.0606443     .01678    -3.61   0.000    -.0935326    -.027756
 twoind_dum6 |   .0015926   .0132259     0.12   0.904    -.0243297     .027515
 twoind_dum7 |  -.0062685   .0150331    -0.42   0.677     -.035733     .023196
 twoind_dum8 |  -.0282035   .0169431    -1.66   0.096    -.0614115    .0050046
 twoind_dum9 |  -.0228771    .011737    -1.95   0.051    -.0458812     .000127
twoind_dum10 |   .0021979   .0101975     0.22   0.829     -.017789    .0221847
twoind_dum11 |  -.0341541   .0112388    -3.04   0.002    -.0561819   -.0121263
twoind_dum12 |  -.0136638   .0107419    -1.27   0.203    -.0347176    .0073899
twoind_dum13 |   -.009472   .0129816    -0.73   0.466    -.0349155    .0159715
twoind_dum14 |  -.0022818   .0123633    -0.18   0.854    -.0265135      .02195
twoind_dum15 |   .0022513   .0132789     0.17   0.865    -.0237749    .0282775
twoind_dum16 |  -.0065139   .0100638    -0.65   0.517    -.0262388    .0132109
twoind_dum17 |  -.0004146   .0105989    -0.04   0.969     -.021188    .0203589
twoind_dum18 |  -.0128686   .0095831    -1.34   0.179    -.0316512    .0059141
twoind_dum19 |   .0139357    .019061     0.73   0.465    -.0234232    .0512946
twoind_dum20 |  -.0295793   .0119789    -2.47   0.014    -.0530577   -.0061009
twoind_dum21 |  -.0035173   .0106983    -0.33   0.742    -.0244855     .017451
twoind_dum22 |   .0271299   .0126924     2.14   0.033     .0022532    .0520066
twoind_dum23 |   .0537875    .014525     3.70   0.000     .0253189     .082256
twoind_dum24 |   .0121165    .015054     0.80   0.421     -.017389     .041622
twoind_dum25 |   .0210331   .0155072     1.36   0.175    -.0093606    .0514269
twoind_dum26 |   .0375008   .0121792     3.08   0.002     .0136298    .0613717
twoind_dum27 |   .0041973   .0122256     0.34   0.731    -.0197646    .0281592
twoind_dum28 |  -.0144268   .0140275    -1.03   0.304    -.0419203    .0130666
twoind_dum29 |   .0094067   .0095873     0.98   0.327     -.009384    .0281975
twoind_dum30 |  -.0390557   .0164563    -2.37   0.018    -.0713095   -.0068019
twoind_dum31 |  -.0306432   .0663387    -0.46   0.644    -.1606652    .0993788
twoind_dum32 |   .0059583   .0107309     0.56   0.579     -.015074    .0269906
twoind_dum33 |  -.0570055   .0223798    -2.55   0.011    -.1008694   -.0131417
    ten_dum2 |  -.0351951   .0032584   -10.80   0.000    -.0415816   -.0288087
    ten_dum3 |  -.0314832   .0033359    -9.44   0.000    -.0380214    -.024945
censdiv_dum1 |   .0459216   .0143763     3.19   0.001     .0177445    .0740988
censdiv_dum2 |   .0033161   .0066012     0.50   0.615     -.009622    .0162543
censdiv_dum3 |   .0069114   .0046841     1.48   0.140    -.0022692     .016092
censdiv_dum4 |  -.0075092   .0044415    -1.69   0.091    -.0162143     .001196
censdiv_dum5 |  -.0124137   .0050374    -2.46   0.014     -.022287   -.0025405
censdiv_dum6 |  -.0099437   .0042597    -2.33   0.020    -.0182925   -.0015948
censdiv_dum7 |   .0073139    .005312     1.38   0.169    -.0030974    .0177253
censdiv_dum8 |   .0005604   .0049235     0.11   0.909    -.0090895    .0102103
censdiv_dum9 |  -.0179913    .006216    -2.89   0.004    -.0301745   -.0058082
   year_dum1 |   .0444568   .0207823     2.14   0.032     .0037242    .0851895
   year_dum2 |  -.0213834   .0206212    -1.04   0.300    -.0618003    .0190336
   year_dum3 |  -.0810448   .0208794    -3.88   0.000    -.1219679   -.0401217
   year_dum4 |  -.0268743   .0205005    -1.31   0.190    -.0670547     .013306
   year_dum5 |  -.0108929   .0205755    -0.53   0.597    -.0512202    .0294345
   year_dum6 |  -.0780692   .0204005    -3.83   0.000    -.1180537   -.0380848
   year_dum7 |  -.1185889   .0204434    -5.80   0.000    -.1586574   -.0785204
   year_dum8 |  -.1735338   .0203145    -8.54   0.000    -.2133497   -.1337179
   year_dum9 |  -.1382774   .0203732    -6.79   0.000    -.1782083   -.0983466
  year_dum10 |  -.0807083   .0202422    -3.99   0.000    -.1203824   -.0410343
  year_dum11 |  -.0277301   .0204253    -1.36   0.175    -.0677632     .012303
  year_dum12 |   .0564157   .0202294     2.79   0.005     .0167667    .0960648
  year_dum13 |   .0225757   .0205525     1.10   0.272    -.0177066    .0628579
  year_dum14 |   -.017652   .0201946    -0.87   0.382    -.0572329    .0219288
  year_dum15 |  -.0320192   .0202468    -1.58   0.114    -.0717024     .007664
  year_dum16 |  -.0219384   .0201507    -1.09   0.276    -.0614331    .0175564
  year_dum17 |  -.0688008   .0201306    -3.42   0.001    -.1082561   -.0293455
  year_dum18 |  -.0693751   .0201728    -3.44   0.001    -.1089132    -.029837
  year_dum19 |  -.0853476   .0204463    -4.17   0.000    -.1254218   -.0452734
  year_dum20 |  -.0300618   .0202916    -1.48   0.138    -.0698328    .0097092
  year_dum21 |  -.0525228   .0209851    -2.50   0.012    -.0936531   -.0113925
  year_dum22 |   .0135028   .0203568     0.66   0.507     -.026396    .0534015
  year_dum23 |  -.0130182   .0225056    -0.58   0.563    -.0571284     .031092
  year_dum24 |   .0514178   .0203881     2.52   0.012     .0114578    .0913779
  year_dum25 |   .0590847   .0204123     2.89   0.004     .0190773    .0990921
  year_dum26 |  -.0181892   .0203085    -0.90   0.370    -.0579932    .0216148
  year_dum27 |  -.0567479   .0202287    -2.81   0.005    -.0963956   -.0171002
  year_dum28 |  -.0164269   .0202162    -0.81   0.416      -.05605    .0231962
  year_dum29 |  -.0524792   .0201066    -2.61   0.009    -.0918876   -.0130708
  year_dum30 |  -.0694783   .0200031    -3.47   0.001    -.1086838   -.0302727
  year_dum31 |  -.0629567   .0200198    -3.14   0.002     -.102195   -.0237184
  year_dum32 |   .0498534   .0200828     2.48   0.013     .0104917     .089215
  year_dum33 |   .0932819   .0201116     4.64   0.000     .0538637    .1327001
  year_dum34 |   .0805134   .0200682     4.01   0.000     .0411803    .1198465
  year_dum35 |  -.0017102    .020399    -0.08   0.933    -.0416917    .0382713
  year_dum36 |  -.0179933   .0223628    -0.80   0.421    -.0618237     .025837
agebin4_dum1 |   .2390101   .0054238    44.07   0.000     .2283796    .2496406
agebin4_dum2 |   .1666446   .0050995    32.68   0.000     .1566497    .1766395
agebin4_dum3 |   .1104081   .0050546    21.84   0.000     .1005011     .120315
agebin4_dum4 |   .0745433   .0051309    14.53   0.000     .0644868    .0845997
agebin4_dum5 |   .0451802   .0052566     8.59   0.000     .0348775    .0554829
agebin4_dum6 |   .0218873   .0054085     4.05   0.000     .0112869    .0324877
agebin4_dum8 |  -.0314222   .0059223    -5.31   0.000    -.0430296   -.0198147
agebin4_dum9 |  -.0670109   .0066576   -10.07   0.000    -.0800595   -.0539622
agebin4_d~10 |  -.2152169   .0084704   -25.41   0.000    -.2318187   -.1986151
agebin4_d~11 |  -.2373079   .0134712   -17.62   0.000     -.263711   -.2109049
agebin4_d~12 |  -.0285571   .0344059    -0.83   0.407    -.0959917    .0388775
       _cons |  -.0030221   .0250681    -0.12   0.904    -.0521548    .0461107
------------------------------------------------------------------------------
note: occ_dum1 omitted because of collinearity with another variable.
Computing plugin lambda ...
Iteration 1:     lambda = .0076661   no. of nonzero coef. =  49
Iteration 2:     lambda = .0076661   no. of nonzero coef. =  49

Lasso linear model                          No. of obs        =    345,312
                                            No. of covariates =        189
Selection: Plugin heteroskedastic

--------------------------------------------------------------------------
         |                                No. of
         |                               nonzero    In-sample
      ID |     Description      lambda     coef.    R-squared          BIC
---------+----------------------------------------------------------------
     * 1 | selected lambda    .0076661        49       0.0430     704652.6
--------------------------------------------------------------------------
* lambda selected by plugin formula assuming heteroskedastic errors.

-------------------------
              |  active  
--------------+----------
       z_dum2 |     x    
       z_dum3 |     x    
       z_dum4 |     x    
    educ_dum1 |     x    
    educ_dum2 |     x    
    educ_dum4 |     x    
     postgrad |     x    
          OLF |     x    
        unemp |     x    
      student |     x    
    occ_dum12 |     x    
    occ_dum23 |     x    
    occ_dum53 |     x    
    occ_dum67 |     x    
  twoind_dum1 |     x    
  twoind_dum2 |     x    
  twoind_dum5 |     x    
 twoind_dum11 |     x    
 twoind_dum23 |     x    
     ten_dum2 |     x    
     ten_dum3 |     x    
    year_dum1 |     x    
    year_dum3 |     x    
    year_dum6 |     x    
    year_dum7 |     x    
    year_dum8 |     x    
    year_dum9 |     x    
   year_dum10 |     x    
   year_dum12 |     x    
   year_dum13 |     x    
   year_dum17 |     x    
   year_dum18 |     x    
   year_dum19 |     x    
   year_dum22 |     x    
   year_dum24 |     x    
   year_dum25 |     x    
   year_dum30 |     x    
   year_dum31 |     x    
   year_dum32 |     x    
   year_dum33 |     x    
   year_dum34 |     x    
 agebin4_dum1 |     x    
 agebin4_dum2 |     x    
 agebin4_dum3 |     x    
 agebin4_dum4 |     x    
 agebin4_dum8 |     x    
 agebin4_dum9 |     x    
agebin4_dum10 |     x    
agebin4_dum11 |     x    
        _cons |     x    
-------------------------
Legend:
  b - base level
  e - empty cell
  o - omitted
  x - estimated
note: o.educ_dum4 omitted because of estimability.
note: o.race_dum6 omitted because of estimability.
note: o.occ_dum79 omitted because of estimability.
note: twoind_dum1 omitted because of estimability.
note: o.twoind_dum34 omitted because of estimability.
note: o.censdiv_dum10 omitted because of estimability.
note: o.year_dum37 omitted because of estimability.

Wald test, begin with full model:
p < 0.1000 for all terms in model

      Source |       SS           df       MS      Number of obs   =   351,298
-------------+----------------------------------   F(183, 351114)  =     60.24
       Model |  3051.44836       183  16.6745812   Prob > F        =    0.0000
    Residual |  97181.2145   351,114  .276779663   R-squared       =    0.0304
-------------+----------------------------------   Adj R-squared   =    0.0299
       Total |  100232.663   351,297  .285321716   Root MSE        =     .5261

------------------------------------------------------------------------------
    G_fhwage | Coefficient  Std. err.      t    P>|t|     [95% conf. interval]
-------------+----------------------------------------------------------------
      z_dum2 |   .0155403   .0023666     6.57   0.000     .0109019    .0201788
      z_dum3 |   .0282722   .0024877    11.36   0.000     .0233963     .033148
      z_dum4 |   .0372509   .0026374    14.12   0.000     .0320818      .04242
   educ_dum1 |  -.0368064   .0039907    -9.22   0.000    -.0446281   -.0289847
   educ_dum2 |  -.0492334    .003082   -15.97   0.000     -.055274   -.0431928
   educ_dum3 |  -.0393358   .0030416   -12.93   0.000    -.0452973   -.0333743
    postgrad |   .0066553   .0034173     1.95   0.051    -.0000425     .013353
   race_dum1 |  -.0030048   .0118285    -0.25   0.799    -.0261884    .0201787
   race_dum2 |   -.013794   .0119653    -1.15   0.249    -.0372456    .0096577
   race_dum3 |   -.018068   .0132418    -1.36   0.172    -.0440215    .0078856
   race_dum4 |    .023784   .0149749     1.59   0.112    -.0055664    .0531345
   race_dum5 |  -.0016555   .0123734    -0.13   0.894    -.0259071     .022596
         OLF |   .0953682   .0082149    11.61   0.000     .0792673    .1114692
       unemp |   .0371668   .0063938     5.81   0.000     .0246351    .0496986
     student |   .0378031   .0059929     6.31   0.000     .0260572     .049549
    occ_dum1 |   .0323282   .0072826     4.44   0.000     .0180546    .0466018
    occ_dum2 |   .0082807   .0203083     0.41   0.683    -.0315229    .0480844
    occ_dum3 |   .0283432   .0085614     3.31   0.001     .0115631    .0451234
    occ_dum4 |   .0510812   .0105372     4.85   0.000     .0304286    .0717339
    occ_dum5 |   .1147682   .0197636     5.81   0.000     .0760321    .1535043
    occ_dum6 |   .0224324   .0180935     1.24   0.215    -.0130303    .0578951
    occ_dum7 |   .0898248   .0130507     6.88   0.000     .0642458    .1154039
    occ_dum8 |   .0269251   .0113636     2.37   0.018     .0046527    .0491975
    occ_dum9 |   .0206661   .0088191     2.34   0.019      .003381    .0379513
   occ_dum10 |    .080285    .022421     3.58   0.000     .0363405    .1242295
   occ_dum11 |   .0408186    .010992     3.71   0.000     .0192746    .0623627
   occ_dum12 |   .0990701    .013313     7.44   0.000      .072977    .1251632
   occ_dum13 |   -.012957   .0105848    -1.22   0.221    -.0337029    .0077889
   occ_dum14 |    .056087   .0187215     3.00   0.003     .0193934    .0927805
   occ_dum15 |   .0632671   .0172481     3.67   0.000     .0294615    .0970728
   occ_dum16 |    .001812   .0159046     0.11   0.909    -.0293605    .0329845
   occ_dum17 |   .0142269   .0217637     0.65   0.513    -.0284294    .0568832
   occ_dum18 |   .0279532   .0281238     0.99   0.320    -.0271686    .0830751
   occ_dum19 |   .0208459    .010779     1.93   0.053    -.0002806    .0419724
   occ_dum20 |   .0342826    .011987     2.86   0.004     .0107883    .0577768
   occ_dum21 |   .0346414   .0071124     4.87   0.000     .0207013    .0485815
   occ_dum22 |   .0327722   .0144284     2.27   0.023      .004493    .0610515
   occ_dum23 |  -.0750054   .0156356    -4.80   0.000    -.1056507   -.0443601
   occ_dum24 |   .0216968   .0259197     0.84   0.403    -.0291051    .0724986
   occ_dum25 |   .0589492   .0117124     5.03   0.000     .0359933     .081905
   occ_dum26 |   .0659938   .0186857     3.53   0.000     .0293704    .1026173
   occ_dum27 |  -.0327599   .0514696    -0.64   0.524    -.1336388    .0681191
   occ_dum28 |   .2462408   .0599907     4.10   0.000     .1286608    .3638209
   occ_dum29 |   .0244333   .0103587     2.36   0.018     .0041305    .0447361
   occ_dum30 |  -.0144408   .0254038    -0.57   0.570    -.0642316    .0353499
   occ_dum31 |   .0321737   .0087726     3.67   0.000     .0149798    .0493677
   occ_dum32 |   .0430227   .0100598     4.28   0.000     .0233058    .0627396
   occ_dum33 |  -.0480708   .0301878    -1.59   0.111    -.1072379    .0110964
   occ_dum34 |  -.1068487   .0432466    -2.47   0.013    -.1916108   -.0220866
   occ_dum35 |   .0346825   .0116193     2.98   0.003      .011909    .0574559
   occ_dum36 |   .0292472    .008611     3.40   0.001     .0123699    .0461246
   occ_dum37 |   .1142724   .0312782     3.65   0.000     .0529681    .1755767
   occ_dum38 |   .0537404    .015048     3.57   0.000     .0242468    .0832341
   occ_dum39 |  -.0607913   .2632574    -0.23   0.817     -.576768    .4551855
   occ_dum40 |    .049158   .0119461     4.11   0.000     .0257441     .072572
   occ_dum41 |   .0713331   .0176228     4.05   0.000      .036793    .1058732
   occ_dum42 |   .0437724   .0095848     4.57   0.000     .0249865    .0625583
   occ_dum43 |    .002792   .0266412     0.10   0.917     -.049424     .055008
   occ_dum44 |  -.0107488   .0262395    -0.41   0.682    -.0621776    .0406799
   occ_dum45 |   .0201398   .0093634     2.15   0.031     .0017879    .0384917
   occ_dum46 |   .0394613   .0166117     2.38   0.018     .0069029    .0720197
   occ_dum47 |    .080794   .0223763     3.61   0.000     .0369371    .1246508
   occ_dum48 |   .0445407   .0137504     3.24   0.001     .0175903    .0714911
   occ_dum49 |   .0086071   .0370026     0.23   0.816     -.063917    .0811312
   occ_dum50 |   .0352448   .0406752     0.87   0.386    -.0444775    .1149671
   occ_dum51 |   .0448598   .0542899     0.83   0.409    -.0615468    .1512663
   occ_dum52 |   .0291444   .0087489     3.33   0.001     .0119968    .0462919
   occ_dum53 |  -.0735008   .0254805    -2.88   0.004    -.1234418   -.0235598
   occ_dum54 |  -.0102976   .0193728    -0.53   0.595    -.0482677    .0276725
   occ_dum55 |   .0149316    .017255     0.87   0.387    -.0188878    .0487509
   occ_dum56 |  -.0044817   .0214584    -0.21   0.835    -.0465396    .0375762
   occ_dum57 |  -.0077913    .025087    -0.31   0.756    -.0569612    .0413786
   occ_dum58 |  -.0156581   .0120775    -1.30   0.195    -.0393298    .0080135
   occ_dum59 |   .0257116   .0148171     1.74   0.083    -.0033295    .0547527
   occ_dum60 |   .0151741   .0433215     0.35   0.726    -.0697349     .100083
   occ_dum61 |   .1114005   .0219021     5.09   0.000      .068473     .154328
   occ_dum62 |  -.2426325   .0936707    -2.59   0.010    -.4262245   -.0590406
   occ_dum63 |   .0274499   .0119884     2.29   0.022      .003953    .0509468
   occ_dum64 |   .0202164    .007676     2.63   0.008     .0051716    .0352612
   occ_dum65 |   .0462893   .0087032     5.32   0.000     .0292313    .0633473
   occ_dum66 |   .0371604    .031744     1.17   0.242    -.0250569    .0993777
   occ_dum67 |  -.0176645   .0091989    -1.92   0.055    -.0356942    .0003651
   occ_dum68 |  -.1436176   .0497052    -2.89   0.004    -.2410383   -.0461969
   occ_dum69 |   .0079263   .0391971     0.20   0.840    -.0688988    .0847514
   occ_dum70 |   .0160246    .016085     1.00   0.319    -.0155016    .0475509
   occ_dum71 |   .0194992   .0123632     1.58   0.115    -.0047323    .0437306
   occ_dum72 |  -.0890356   .0796552    -1.12   0.264    -.2451575    .0670862
   occ_dum73 |   .0077046   .0088621     0.87   0.385    -.0096648     .025074
   occ_dum74 |   .0177815   .0180269     0.99   0.324    -.0175507    .0531137
   occ_dum75 |   .0107838   .0086389     1.25   0.212    -.0061483    .0277158
   occ_dum76 |   .0233623   .0076331     3.06   0.002     .0084016    .0383231
   occ_dum77 |    .016248   .0078122     2.08   0.038     .0009364    .0315597
   occ_dum78 |    .047508   .0118113     4.02   0.000     .0243581    .0706579
 twoind_dum2 |   .0182971   .0123724     1.48   0.139    -.0059525    .0425467
 twoind_dum3 |   .0211904   .0451832     0.47   0.639    -.0673674    .1097482
 twoind_dum4 |  -.0045661   .0089786    -0.51   0.611    -.0221639    .0130316
 twoind_dum5 |  -.0220568   .0130068    -1.70   0.090    -.0475498    .0034361
 twoind_dum6 |   .0103067   .0103149     1.00   0.318    -.0099101    .0305235
 twoind_dum7 |  -.0163244   .0117233    -1.39   0.164    -.0393017    .0066529
 twoind_dum8 |  -.0133828   .0131873    -1.01   0.310    -.0392295     .012464
 twoind_dum9 |  -.0145466   .0091469    -1.59   0.112    -.0324742    .0033811
twoind_dum10 |  -.0005265   .0079504    -0.07   0.947    -.0161089     .015056
twoind_dum11 |   -.018093   .0087665    -2.06   0.039     -.035275   -.0009109
twoind_dum12 |  -.0123736   .0083938    -1.47   0.140    -.0288252    .0040779
twoind_dum13 |  -.0009472   .0101133    -0.09   0.925     -.020769    .0188746
twoind_dum14 |   .0180581    .009617     1.88   0.060    -.0007908    .0369071
twoind_dum15 |   .0022686   .0103557     0.22   0.827    -.0180282    .0225654
twoind_dum16 |   -.003315   .0078507    -0.42   0.673    -.0187023    .0120722
twoind_dum17 |   .0025809   .0082674     0.31   0.755     -.013623    .0187848
twoind_dum18 |  -.0056167   .0074801    -0.75   0.453    -.0202774     .009044
twoind_dum19 |  -.0057365   .0148885    -0.39   0.700    -.0349176    .0234446
twoind_dum20 |  -.0193515   .0093275    -2.07   0.038    -.0376331   -.0010699
twoind_dum21 |  -.0065222   .0083321    -0.78   0.434    -.0228528    .0098085
twoind_dum22 |   .0303214   .0099186     3.06   0.002     .0108813    .0497615
twoind_dum23 |   .0419748   .0113023     3.71   0.000     .0198225    .0641271
twoind_dum24 |  -.0111516   .0117481    -0.95   0.343    -.0341776    .0118743
twoind_dum25 |   .0152774   .0121416     1.26   0.208    -.0085197    .0390745
twoind_dum26 |   .0370528   .0094596     3.92   0.000     .0185122    .0555934
twoind_dum27 |   .0080625   .0095113     0.85   0.397    -.0105793    .0267043
twoind_dum28 |   -.013555   .0108877    -1.24   0.213    -.0348945    .0077845
twoind_dum29 |   .0098236    .007489     1.31   0.190    -.0048546    .0245018
twoind_dum30 |   .0124865   .0127456     0.98   0.327    -.0124944    .0374675
twoind_dum31 |    .062482   .0524735     1.19   0.234    -.0403646    .1653286
twoind_dum32 |   .0119277   .0083422     1.43   0.153    -.0044227    .0282781
twoind_dum33 |   .0052458   .0173718     0.30   0.763    -.0288025     .039294
    ten_dum2 |  -.0244406   .0025495    -9.59   0.000    -.0294375   -.0194438
    ten_dum3 |  -.0357051    .002593   -13.77   0.000    -.0407873    -.030623
censdiv_dum1 |   .0250383   .0113204     2.21   0.027     .0028506     .047226
censdiv_dum2 |   .0082698   .0051221     1.61   0.106    -.0017693    .0183089
censdiv_dum3 |  -.0068103   .0036457    -1.87   0.062    -.0139558    .0003353
censdiv_dum4 |  -.0114666   .0034554    -3.32   0.001    -.0182389   -.0046942
censdiv_dum5 |  -.0127188   .0039299    -3.24   0.001    -.0204212   -.0050164
censdiv_dum6 |  -.0039808   .0033183    -1.20   0.230    -.0104846     .002523
censdiv_dum7 |  -.0046007   .0041442    -1.11   0.267    -.0127231    .0035217
censdiv_dum8 |   .0025451   .0038376     0.66   0.507    -.0049764    .0100666
censdiv_dum9 |  -.0218419   .0048437    -4.51   0.000    -.0313354   -.0123485
   year_dum1 |    .071554   .0160323     4.46   0.000     .0401311    .1029769
   year_dum2 |   .0305879    .015912     1.92   0.055    -.0005991    .0617749
   year_dum3 |   .0101214   .0161046     0.63   0.530    -.0214431    .0416859
   year_dum4 |   .0181705     .01582     1.15   0.251    -.0128362    .0491773
   year_dum5 |   .0142693   .0158752     0.90   0.369    -.0168456    .0453842
   year_dum6 |  -.0284211   .0157425    -1.81   0.071     -.059276    .0024338
   year_dum7 |  -.0505182   .0157785    -3.20   0.001    -.0814435   -.0195928
   year_dum8 |  -.0833442   .0156797    -5.32   0.000     -.114076   -.0526124
   year_dum9 |  -.0784268   .0157257    -4.99   0.000    -.1092486    -.047605
  year_dum10 |  -.0374818   .0156245    -2.40   0.016    -.0681055   -.0068582
  year_dum11 |  -.0184123    .015769    -1.17   0.243    -.0493192    .0124945
  year_dum12 |   .0151236   .0156155     0.97   0.333    -.0154823    .0457295
  year_dum13 |  -.0101835   .0158657    -0.64   0.521    -.0412798    .0209128
  year_dum14 |   .0057246   .0155877     0.37   0.713    -.0248269    .0362762
  year_dum15 |  -.0142347   .0156273    -0.91   0.362    -.0448638    .0163944
  year_dum16 |  -.0025476   .0155578    -0.16   0.870    -.0330403    .0279452
  year_dum17 |  -.0240078   .0155394    -1.54   0.122    -.0544645     .006449
  year_dum18 |  -.0059694   .0155794    -0.38   0.702    -.0365046    .0245657
  year_dum19 |   -.031408   .0157908    -1.99   0.047    -.0623575   -.0004585
  year_dum20 |   .0268927   .0156739     1.72   0.086    -.0038277    .0576131
  year_dum21 |  -.0016138   .0162261    -0.10   0.921    -.0334165    .0301889
  year_dum22 |  -.0132412   .0157316    -0.84   0.400    -.0440748    .0175924
  year_dum23 |  -.0302526   .0174521    -1.73   0.083    -.0644582    .0039531
  year_dum24 |   .0453232   .0157489     2.88   0.004     .0144558    .0761906
  year_dum25 |   .0441913   .0157751     2.80   0.005     .0132726      .07511
  year_dum26 |   .0361216   .0156818     2.30   0.021     .0053856    .0668575
  year_dum27 |  -.0114594   .0156151    -0.73   0.463    -.0420645    .0191456
  year_dum28 |   .0319918   .0156113     2.05   0.040     .0013941    .0625895
  year_dum29 |   .0191614   .0155244     1.23   0.217     -.011266    .0495888
  year_dum30 |   -.002516   .0154427    -0.16   0.871    -.0327831    .0277512
  year_dum31 |  -.0530419   .0154543    -3.43   0.001    -.0833319   -.0227519
  year_dum32 |   .0200515   .0155055     1.29   0.196    -.0103388    .0504419
  year_dum33 |   .0799625   .0155274     5.15   0.000     .0495293    .1103958
  year_dum34 |   .0990133   .0154901     6.39   0.000     .0686531    .1293735
  year_dum35 |   .0562276   .0157483     3.57   0.000     .0253614    .0870938
  year_dum36 |   .0505349   .0172485     2.93   0.003     .0167284    .0843414
agebin4_dum1 |   .1655694   .0042453    39.00   0.000     .1572488      .17389
agebin4_dum2 |   .1280583   .0039833    32.15   0.000     .1202511    .1358654
agebin4_dum3 |   .0845475   .0039477    21.42   0.000     .0768101    .0922849
agebin4_dum4 |   .0556388   .0040087    13.88   0.000     .0477818    .0634958
agebin4_dum5 |   .0244071   .0041064     5.94   0.000     .0163586    .0324556
agebin4_dum6 |    .012265   .0042193     2.91   0.004     .0039953    .0205347
agebin4_dum8 |  -.0184976   .0045659    -4.05   0.000    -.0274467   -.0095485
agebin4_dum9 |   -.033135   .0049969    -6.63   0.000    -.0429288   -.0233412
agebin4_d~10 |  -.0861249   .0059919   -14.37   0.000    -.0978689   -.0743809
agebin4_d~11 |   -.093789    .008935   -10.50   0.000    -.1113012   -.0762767
agebin4_d~12 |  -.0688788   .0221683    -3.11   0.002     -.112328   -.0254295
       _cons |   .0001884   .0194786     0.01   0.992    -.0379891    .0383659
------------------------------------------------------------------------------
note: occ_dum1 omitted because of collinearity with another variable.
Computing plugin lambda ...
Iteration 1:     lambda = .0076011   no. of nonzero coef. =  52
Iteration 2:     lambda = .0076011   no. of nonzero coef. =  53
Iteration 3:     lambda = .0076011   no. of nonzero coef. =  53

Lasso linear model                          No. of obs        =    351,298
                                            No. of covariates =        189
Selection: Plugin heteroskedastic

--------------------------------------------------------------------------
         |                                No. of
         |                               nonzero    In-sample
      ID |     Description      lambda     coef.    R-squared          BIC
---------+----------------------------------------------------------------
     * 1 | selected lambda    .0076011        53       0.0261     547749.5
--------------------------------------------------------------------------
* lambda selected by plugin formula assuming heteroskedastic errors.

-------------------------
              |  active  
--------------+----------
       z_dum2 |     x    
       z_dum3 |     x    
       z_dum4 |     x    
    educ_dum2 |     x    
    educ_dum4 |     x    
     postgrad |     x    
          OLF |     x    
        unemp |     x    
      student |     x    
     occ_dum7 |     x    
    occ_dum12 |     x    
    occ_dum23 |     x    
    occ_dum53 |     x    
    occ_dum58 |     x    
    occ_dum67 |     x    
    occ_dum75 |     x    
    occ_dum78 |     x    
    occ_dum79 |     x    
  twoind_dum1 |     x    
  twoind_dum9 |     x    
 twoind_dum11 |     x    
 twoind_dum22 |     x    
 twoind_dum23 |     x    
 twoind_dum32 |     x    
     ten_dum2 |     x    
     ten_dum3 |     x    
    year_dum1 |     x    
    year_dum6 |     x    
    year_dum7 |     x    
    year_dum8 |     x    
    year_dum9 |     x    
   year_dum10 |     x    
   year_dum11 |     x    
   year_dum17 |     x    
   year_dum19 |     x    
   year_dum20 |     x    
   year_dum24 |     x    
   year_dum25 |     x    
   year_dum26 |     x    
   year_dum28 |     x    
   year_dum31 |     x    
   year_dum33 |     x    
   year_dum34 |     x    
   year_dum35 |     x    
   year_dum36 |     x    
 agebin4_dum1 |     x    
 agebin4_dum2 |     x    
 agebin4_dum3 |     x    
 agebin4_dum4 |     x    
 agebin4_dum8 |     x    
 agebin4_dum9 |     x    
agebin4_dum10 |     x    
agebin4_dum11 |     x    
        _cons |     x    
-------------------------
Legend:
  b - base level
  e - empty cell
  o - omitted
  x - estimated
(404,087 observations deleted)

    horizon |
     (years |
     ahead) |      Freq.     Percent        Cum.
------------+-----------------------------------
         10 |     57,398       23.99       23.99
         12 |     47,566       19.88       43.86
         14 |     39,741       16.61       60.47
         16 |     32,325       13.51       73.98
         18 |     25,882       10.82       84.79
         20 |     20,467        8.55       93.35
         22 |     15,920        6.65      100.00
------------+-----------------------------------
      Total |    239,299      100.00
note: o.educ_dum4 omitted because of estimability.
note: o.race_dum6 omitted because of estimability.
note: o.occ_dum39 omitted because of estimability.
note: o.occ_dum79 omitted because of estimability.
note: twoind_dum1 omitted because of estimability.
note: o.twoind_dum34 omitted because of estimability.
note: o.censdiv_dum10 omitted because of estimability.
note: o.year_dum17 omitted because of estimability.
note: o.year_dum19 omitted because of estimability.
note: o.year_dum21 omitted because of estimability.
note: o.year_dum23 omitted because of estimability.
note: o.year_dum33 omitted because of estimability.
note: o.year_dum34 omitted because of estimability.
note: o.year_dum35 omitted because of estimability.
note: o.year_dum36 omitted because of estimability.
note: o.year_dum37 omitted because of estimability.
note: o.agebin4_dum11 omitted because of estimability.
note: o.agebin4_dum12 omitted because of estimability.

Wald test, begin with full model:
p < 0.1000 for all terms in model

      Source |       SS           df       MS      Number of obs   =   227,154
-------------+----------------------------------   F(175, 226978)  =    180.94
       Model |   20480.557       175  117.031754   Prob > F        =    0.0000
    Residual |   146810.74   226,978  .646806032   R-squared       =    0.1224
-------------+----------------------------------   Adj R-squared   =    0.1217
       Total |  167291.296   227,153  .736469677   Root MSE        =    .80424

------------------------------------------------------------------------------
     G_fearn | Coefficient  Std. err.      t    P>|t|     [95% conf. interval]
-------------+----------------------------------------------------------------
      z_dum2 |  -.0156215   .0052059    -3.00   0.003    -.0258249   -.0054182
      z_dum3 |  -.0283671   .0055271    -5.13   0.000    -.0392001   -.0175341
      z_dum4 |  -.0497529   .0059359    -8.38   0.000    -.0613872   -.0381187
      z_dum5 |  -.0678454   .0064218   -10.56   0.000     -.080432   -.0552588
      z_dum6 |  -.0895597   .0070054   -12.78   0.000      -.10329   -.0758293
      z_dum7 |  -.1168503   .0077167   -15.14   0.000    -.1319749   -.1017258
   educ_dum1 |  -.1457531   .0080741   -18.05   0.000    -.1615781    -.129928
   educ_dum2 |  -.1401579   .0057566   -24.35   0.000    -.1514407   -.1288751
   educ_dum3 |  -.1102822   .0056232   -19.61   0.000    -.1213034   -.0992609
    postgrad |   .0475157   .0061334     7.75   0.000     .0354944    .0595371
   race_dum1 |   .0758354   .0219522     3.45   0.001     .0328097     .118861
   race_dum2 |   .0849368   .0222618     3.82   0.000     .0413042    .1285694
   race_dum3 |    .024501    .024407     1.00   0.315     -.023336     .072338
   race_dum4 |   .1127678   .0288561     3.91   0.000     .0562106    .1693251
   race_dum5 |   .1026433    .023247     4.42   0.000     .0570798    .1482069
         OLF |   .4772638   .0161746    29.51   0.000      .445562    .5089657
       unemp |   .1417254   .0122313    11.59   0.000     .1177524    .1656984
     student |   .0406633   .0117337     3.47   0.001     .0176655    .0636611
    occ_dum1 |   .0803833   .0139357     5.77   0.000     .0530696    .1076969
    occ_dum2 |   .0902807   .0373759     2.42   0.016     .0170248    .1635365
    occ_dum3 |  -.0427145   .0200835    -2.13   0.033    -.0820777   -.0033513
    occ_dum4 |  -.1078422   .0233041    -4.63   0.000    -.1535177   -.0621667
    occ_dum5 |    .011578   .0382508     0.30   0.762    -.0633925    .0865485
    occ_dum6 |  -.0719686   .0358951    -2.00   0.045     -.142322   -.0016151
    occ_dum7 |  -.0345445   .0273432    -1.26   0.206    -.0881365    .0190474
    occ_dum8 |  -.0489854   .0258351    -1.90   0.058    -.0996215    .0016507
    occ_dum9 |  -.1343239   .0209651    -6.41   0.000     -.175415   -.0932328
   occ_dum10 |  -.0693538   .0438587    -1.58   0.114    -.1553157     .016608
   occ_dum11 |  -.0741313   .0237591    -3.12   0.002    -.1206986    -.027564
   occ_dum12 |   .0042768   .0275689     0.16   0.877    -.0497576    .0583112
   occ_dum13 |  -.1716421   .0242868    -7.07   0.000    -.2192436   -.1240405
   occ_dum14 |   .1021182   .0380457     2.68   0.007     .0275496    .1766869
   occ_dum15 |  -.0298441   .0338911    -0.88   0.379    -.0962697    .0365815
   occ_dum16 |  -.3772411   .0319925   -11.79   0.000    -.4399455   -.3145367
   occ_dum17 |   .1739601   .0417544     4.17   0.000     .0921225    .2557976
   occ_dum18 |   .0675324   .0570852     1.18   0.237     -.044353    .1794179
   occ_dum19 |  -.0610667   .0238537    -2.56   0.010    -.1078194    -.014314
   occ_dum20 |  -.0024357   .0276373    -0.09   0.930    -.0566041    .0517326
   occ_dum21 |  -.0748785    .018275    -4.10   0.000     -.110697   -.0390599
   occ_dum22 |   .0530304   .0329573     1.61   0.108     -.011565    .1176259
   occ_dum23 |  -.3449609   .0330099   -10.45   0.000    -.4096595   -.2802624
   occ_dum24 |  -.1210122   .0549624    -2.20   0.028    -.2287371   -.0132873
   occ_dum25 |  -.0416612   .0272175    -1.53   0.126    -.0950068    .0116844
   occ_dum26 |  -.0520082   .0352267    -1.48   0.140    -.1210517    .0170353
   occ_dum27 |  -.3549107   .0900408    -3.94   0.000    -.5313883    -.178433
   occ_dum28 |   .2422695   .2252818     1.08   0.282     -.199277     .683816
   occ_dum29 |  -.0552224   .0232437    -2.38   0.018    -.1007796   -.0096653
   occ_dum30 |  -.1896661   .0597259    -3.18   0.001    -.3067273   -.0726049
   occ_dum31 |  -.0788209   .0209791    -3.76   0.000    -.1199395   -.0377023
   occ_dum32 |   -.006743   .0225352    -0.30   0.765    -.0509115    .0374254
   occ_dum33 |   .0988568   .0556388     1.78   0.076     -.010194    .2079075
   occ_dum34 |  -.0859598   .1081222    -0.80   0.427    -.2978767     .125957
   occ_dum35 |  -.0550277   .0255921    -2.15   0.032    -.1051875   -.0048679
   occ_dum36 |  -.0594152   .0204604    -2.90   0.004    -.0995171   -.0193132
   occ_dum37 |   .0213474   .0770928     0.28   0.782    -.1297525    .1724472
   occ_dum38 |  -.1634376   .0310575    -5.26   0.000    -.2243095   -.1025656
   occ_dum40 |  -.0168273   .0269492    -0.62   0.532    -.0696471    .0359925
   occ_dum41 |  -.1173081    .043193    -2.72   0.007    -.2019652    -.032651
   occ_dum42 |  -.0575658   .0232842    -2.47   0.013    -.1032023   -.0119293
   occ_dum43 |   -.091783   .0577734    -1.59   0.112    -.2050175    .0214515
   occ_dum44 |  -.0049436   .0543216    -0.09   0.927    -.1114125    .1015254
   occ_dum45 |  -.0919898   .0223598    -4.11   0.000    -.1358144   -.0481651
   occ_dum46 |  -.0070019   .0356823    -0.20   0.844    -.0769384    .0629346
   occ_dum47 |  -.0659504    .046547    -1.42   0.157    -.1571812    .0252805
   occ_dum48 |  -.0495671    .028226    -1.76   0.079    -.1048893    .0057552
   occ_dum49 |   -.099377   .0832502    -1.19   0.233    -.2625452    .0637912
   occ_dum50 |  -.2511222   .0804346    -3.12   0.002     -.408772   -.0934723
   occ_dum51 |  -.0424191   .1019485    -0.42   0.677    -.2422356    .1573973
   occ_dum52 |  -.0698179   .0207638    -3.36   0.001    -.1105144   -.0291214
   occ_dum53 |  -.1349481    .049001    -2.75   0.006    -.2309888   -.0389074
   occ_dum54 |  -.0688217   .0394136    -1.75   0.081    -.1460714     .008428
   occ_dum55 |   .0490698   .0358559     1.37   0.171    -.0212068    .1193463
   occ_dum56 |  -.1683126   .0407258    -4.13   0.000    -.2481341    -.088491
   occ_dum57 |  -.0821632    .053242    -1.54   0.123    -.1865163    .0221899
   occ_dum58 |  -.1515533   .0257442    -5.89   0.000    -.2020112   -.1010954
   occ_dum59 |  -.1115618   .0315677    -3.53   0.000    -.1734338   -.0496898
   occ_dum60 |  -.2044369   .0869891    -2.35   0.019    -.3749334   -.0339405
   occ_dum61 |   -.016737   .0456223    -0.37   0.714    -.1061555    .0726815
   occ_dum62 |  -.1404161   .3051823    -0.46   0.645    -.7385656    .4577333
   occ_dum63 |  -.0233375   .0257488    -0.91   0.365    -.0738045    .0271294
   occ_dum64 |  -.0677363   .0191607    -3.54   0.000    -.1052908   -.0301819
   occ_dum65 |  -.0248211   .0206424    -1.20   0.229    -.0652797    .0156375
   occ_dum66 |  -.1052502   .0715822    -1.47   0.141    -.2455495    .0350491
   occ_dum67 |  -.0859347   .0218797    -3.93   0.000    -.1288184   -.0430509
   occ_dum68 |  -.8219268    .147861    -5.56   0.000    -1.111731    -.532123
   occ_dum69 |  -.1591925   .0972057    -1.64   0.101    -.3497133    .0313282
   occ_dum70 |  -.0542838   .0339334    -1.60   0.110    -.1207923    .0122247
   occ_dum71 |  -.0592554   .0274172    -2.16   0.031    -.1129923   -.0055185
   occ_dum72 |  -.3091493   .1808909    -1.71   0.087    -.6636909    .0453922
   occ_dum73 |  -.0890745    .021483    -4.15   0.000    -.1311806   -.0469684
   occ_dum74 |   .0892872   .0378494     2.36   0.018     .0151033    .1634711
   occ_dum75 |  -.0997554   .0206962    -4.82   0.000    -.1403194   -.0591913
   occ_dum76 |  -.0298387   .0192031    -1.55   0.120    -.0674763    .0077988
   occ_dum77 |  -.0512887   .0195006    -2.63   0.009    -.0895093   -.0130681
   occ_dum78 |   -.016176   .0248476    -0.65   0.515    -.0648767    .0325247
 twoind_dum2 |   .1305619   .0261419     4.99   0.000     .0793245    .1817993
 twoind_dum3 |    .403786   .0838091     4.82   0.000     .2395223    .5680498
 twoind_dum4 |   .0123907   .0208691     0.59   0.553    -.0285122    .0532936
 twoind_dum5 |  -.1506984   .0277541    -5.43   0.000    -.2050957    -.096301
 twoind_dum6 |   .0619426   .0229376     2.70   0.007     .0169855    .1068997
 twoind_dum7 |   .0080169   .0254342     0.32   0.753    -.0418335    .0578674
 twoind_dum8 |   .0205462   .0284421     0.72   0.470    -.0351996    .0762921
 twoind_dum9 |  -.0589424   .0213658    -2.76   0.006    -.1008188    -.017066
twoind_dum10 |   .0103525   .0193557     0.53   0.593    -.0275842    .0482893
twoind_dum11 |   -.038858    .020483    -1.90   0.058    -.0790042    .0012882
twoind_dum12 |  -.0448534   .0200714    -2.23   0.025    -.0841929    -.005514
twoind_dum13 |   .0247768   .0228192     1.09   0.278    -.0199484    .0695019
twoind_dum14 |   .0316843   .0222625     1.42   0.155    -.0119496    .0753182
twoind_dum15 |   .0152759   .0229056     0.67   0.505    -.0296184    .0601702
twoind_dum16 |   .0173614   .0195111     0.89   0.374      -.02088    .0556027
twoind_dum17 |   .0418559   .0199045     2.10   0.035     .0028435    .0808682
twoind_dum18 |   .0003408   .0186638     0.02   0.985    -.0362398    .0369214
twoind_dum19 |   .0372838   .0309117     1.21   0.228    -.0233024    .0978699
twoind_dum20 |  -.0674589   .0214526    -3.14   0.002    -.1095054   -.0254124
twoind_dum21 |   .0157768   .0200758     0.79   0.432    -.0235713    .0551248
twoind_dum22 |   .1518237   .0230278     6.59   0.000     .1066898    .1969577
twoind_dum23 |   .1580284   .0250527     6.31   0.000     .1089257    .2071311
twoind_dum24 |  -.0054143   .0269932    -0.20   0.841    -.0583203    .0474917
twoind_dum25 |   .0355064   .0263246     1.35   0.177     -.016089    .0871019
twoind_dum26 |   .1038387   .0224263     4.63   0.000     .0598837    .1477937
twoind_dum27 |   .0490403   .0223885     2.19   0.028     .0051594    .0929213
twoind_dum28 |   .0447603   .0247652     1.81   0.071    -.0037788    .0932993
twoind_dum29 |   .0548829   .0188117     2.92   0.004     .0180124    .0917533
twoind_dum30 |  -.0057232   .0271008    -0.21   0.833      -.05884    .0473936
twoind_dum31 |   .0016203   .1540742     0.01   0.992    -.3003612    .3036018
twoind_dum32 |   .0207881   .0202621     1.03   0.305    -.0189252    .0605013
twoind_dum33 |  -.1656176   .0400017    -4.14   0.000    -.2440199   -.0872152
    ten_dum2 |   -.048943   .0046982   -10.42   0.000    -.0581514   -.0397345
    ten_dum3 |  -.0388517   .0051247    -7.58   0.000    -.0488959   -.0288074
censdiv_dum1 |   .0377541    .019359     1.95   0.051     -.000189    .0756973
censdiv_dum2 |   .0408467   .0094829     4.31   0.000     .0222605    .0594329
censdiv_dum3 |    .000853   .0068995     0.12   0.902    -.0126699    .0143758
censdiv_dum4 |  -.0385616   .0065255    -5.91   0.000    -.0513514   -.0257719
censdiv_dum5 |   -.048216   .0072854    -6.62   0.000    -.0624953   -.0339367
censdiv_dum6 |  -.0228193   .0064182    -3.56   0.000    -.0353989   -.0102397
censdiv_dum7 |   .0202588   .0079197     2.56   0.011     .0047365    .0357811
censdiv_dum8 |  -.0123415    .007406    -1.67   0.096    -.0268571    .0021741
censdiv_dum9 |  -.0508976   .0093991    -5.42   0.000    -.0693196   -.0324757
   year_dum1 |  -.2481146   .0215209   -11.53   0.000    -.2902949   -.2059342
   year_dum2 |  -.3177854   .0212596   -14.95   0.000    -.3594536   -.2761171
   year_dum3 |  -.3399492   .0216539   -15.70   0.000    -.3823902   -.2975082
   year_dum4 |   -.281386   .0210762   -13.35   0.000    -.3226948   -.2400773
   year_dum5 |  -.2527345   .0212207   -11.91   0.000    -.2943266   -.2111425
   year_dum6 |  -.3003412    .020933   -14.35   0.000    -.3413694    -.259313
   year_dum7 |  -.3312366   .0212086   -15.62   0.000    -.3728049   -.2896683
   year_dum8 |  -.3393749   .0208202   -16.30   0.000     -.380182   -.2985679
   year_dum9 |  -.3250451   .0213816   -15.20   0.000    -.3669524   -.2831378
  year_dum10 |  -.2363284   .0207257   -11.40   0.000    -.2769502   -.1957067
  year_dum11 |  -.2385758   .0220736   -10.81   0.000    -.2818395   -.1953122
  year_dum12 |  -.1130241   .0207179    -5.46   0.000    -.1536307   -.0724175
  year_dum13 |  -.1727582   .0239347    -7.22   0.000    -.2196696   -.1258468
  year_dum14 |  -.1701832   .0206614    -8.24   0.000    -.2106789   -.1296874
  year_dum15 |  -.2356898   .0255114    -9.24   0.000    -.2856914   -.1856882
  year_dum16 |    -.14182   .0206761    -6.86   0.000    -.1823447   -.1012954
  year_dum18 |  -.1491951   .0206321    -7.23   0.000    -.1896336   -.1087567
  year_dum20 |  -.1334439   .0206582    -6.46   0.000    -.1739335   -.0929544
  year_dum22 |  -.1411074   .0206874    -6.82   0.000    -.1816542   -.1005606
  year_dum24 |  -.1108458   .0206821    -5.36   0.000    -.1513823   -.0703094
  year_dum25 |  -.1442989   .0208087    -6.93   0.000    -.1850833   -.1035145
  year_dum26 |  -.2024772    .020756    -9.76   0.000    -.2431584    -.161796
  year_dum27 |  -.2253486    .020701   -10.89   0.000    -.2659221    -.184775
  year_dum28 |  -.1587989   .0208522    -7.62   0.000    -.1996687   -.1179291
  year_dum29 |  -.1360585   .0208527    -6.52   0.000    -.1769294   -.0951877
  year_dum30 |  -.0995399   .0210723    -4.72   0.000    -.1408411   -.0582386
  year_dum31 |  -.0851234   .0216472    -3.93   0.000    -.1275513   -.0426955
  year_dum32 |  -.0229699   .0230989    -0.99   0.320    -.0682432    .0223033
agebin4_dum1 |   .7167605   .0084057    85.27   0.000     .7002855    .7332355
agebin4_dum2 |   .5769098   .0080379    71.77   0.000     .5611556    .5926639
agebin4_dum3 |   .4464616   .0080097    55.74   0.000     .4307627    .4621604
agebin4_dum4 |   .3459645   .0081281    42.56   0.000     .3300337    .3618954
agebin4_dum5 |   .2525705   .0083254    30.34   0.000      .236253    .2688881
agebin4_dum6 |   .1314592   .0086625    15.18   0.000      .114481    .1484374
agebin4_dum8 |  -.1940855   .0117272   -16.55   0.000    -.2170706   -.1711004
agebin4_dum9 |  -.4610458   .0173087   -26.64   0.000    -.4949704   -.4271213
agebin4_d~10 |  -.5394427   .0401351   -13.44   0.000    -.6181064   -.4607789
       _cons |  -.0319595    .030233    -1.06   0.290    -.0912153    .0272963
------------------------------------------------------------------------------
note: occ_dum39 omitted because it is constant.
note: year_dum17 omitted because it is constant.
note: year_dum19 omitted because it is constant.
note: year_dum21 omitted because it is constant.
note: year_dum23 omitted because it is constant.
note: year_dum34 omitted because it is constant.
note: year_dum35 omitted because it is constant.
note: year_dum36 omitted because it is constant.
note: year_dum37 omitted because it is constant.
note: agebin4_dum11 omitted because it is constant.
note: agebin4_dum12 omitted because it is constant.
note: occ_dum1 omitted because of collinearity with another variable.
Computing plugin lambda ...
Iteration 1:     lambda = .0094013   no. of nonzero coef. =  72
Iteration 2:     lambda = .0094013   no. of nonzero coef. =  72

Lasso linear model                          No. of obs        =    227,154
                                            No. of covariates =        181
Selection: Plugin heteroskedastic

--------------------------------------------------------------------------
         |                                No. of
         |                               nonzero    In-sample
      ID |     Description      lambda     coef.    R-squared          BIC
---------+----------------------------------------------------------------
     * 1 | selected lambda    .0094013        72       0.1137     548624.7
--------------------------------------------------------------------------
* lambda selected by plugin formula assuming heteroskedastic errors.

-------------------------
              |  active  
--------------+----------
       z_dum2 |     x    
       z_dum3 |     x    
       z_dum4 |     x    
       z_dum5 |     x    
       z_dum6 |     x    
       z_dum7 |     x    
    educ_dum1 |     x    
    educ_dum2 |     x    
    educ_dum4 |     x    
     postgrad |     x    
    race_dum3 |     x    
    race_dum5 |     x    
          OLF |     x    
        unemp |     x    
      student |     x    
     occ_dum2 |     x    
    occ_dum14 |     x    
    occ_dum16 |     x    
    occ_dum17 |     x    
    occ_dum21 |     x    
    occ_dum22 |     x    
    occ_dum23 |     x    
    occ_dum58 |     x    
    occ_dum74 |     x    
    occ_dum75 |     x    
  twoind_dum1 |     x    
  twoind_dum2 |     x    
  twoind_dum3 |     x    
  twoind_dum5 |     x    
  twoind_dum9 |     x    
 twoind_dum10 |     x    
 twoind_dum11 |     x    
 twoind_dum12 |     x    
 twoind_dum18 |     x    
 twoind_dum20 |     x    
 twoind_dum22 |     x    
 twoind_dum23 |     x    
     ten_dum2 |     x    
     ten_dum3 |     x    
 censdiv_dum2 |     x    
 censdiv_dum4 |     x    
 censdiv_dum5 |     x    
 censdiv_dum7 |     x    
    year_dum1 |     x    
    year_dum2 |     x    
    year_dum3 |     x    
    year_dum4 |     x    
    year_dum5 |     x    
    year_dum6 |     x    
    year_dum7 |     x    
    year_dum8 |     x    
    year_dum9 |     x    
   year_dum10 |     x    
   year_dum11 |     x    
   year_dum12 |     x    
   year_dum16 |     x    
   year_dum20 |     x    
   year_dum24 |     x    
   year_dum25 |     x    
   year_dum27 |     x    
   year_dum30 |     x    
   year_dum31 |     x    
   year_dum32 |     x    
   year_dum33 |     x    
 agebin4_dum1 |     x    
 agebin4_dum2 |     x    
 agebin4_dum3 |     x    
 agebin4_dum4 |     x    
 agebin4_dum5 |     x    
 agebin4_dum8 |     x    
 agebin4_dum9 |     x    
agebin4_dum10 |     x    
        _cons |     x    
-------------------------
Legend:
  b - base level
  e - empty cell
  o - omitted
  x - estimated
note: o.educ_dum4 omitted because of estimability.
note: o.race_dum6 omitted because of estimability.
note: o.occ_dum39 omitted because of estimability.
note: o.occ_dum79 omitted because of estimability.
note: twoind_dum1 omitted because of estimability.
note: o.twoind_dum34 omitted because of estimability.
note: o.censdiv_dum10 omitted because of estimability.
note: o.year_dum17 omitted because of estimability.
note: o.year_dum19 omitted because of estimability.
note: o.year_dum21 omitted because of estimability.
note: o.year_dum23 omitted because of estimability.
note: o.year_dum33 omitted because of estimability.
note: o.year_dum34 omitted because of estimability.
note: o.year_dum35 omitted because of estimability.
note: o.year_dum36 omitted because of estimability.
note: o.year_dum37 omitted because of estimability.
note: o.agebin4_dum11 omitted because of estimability.
note: o.agebin4_dum12 omitted because of estimability.

Wald test, begin with full model:
p < 0.1000 for all terms in model

      Source |       SS           df       MS      Number of obs   =   234,067
-------------+----------------------------------   F(175, 233891)  =    133.69
       Model |  9350.51144       175  53.4314939   Prob > F        =    0.0000
    Residual |  93479.0239   233,891  .399669179   R-squared       =    0.0909
-------------+----------------------------------   Adj R-squared   =    0.0903
       Total |  102829.535   234,066  .439318548   Root MSE        =    .63219

------------------------------------------------------------------------------
    G_fhwage | Coefficient  Std. err.      t    P>|t|     [95% conf. interval]
-------------+----------------------------------------------------------------
      z_dum2 |  -.0015938   .0040441    -0.39   0.694    -.0095202    .0063325
      z_dum3 |   -.001102   .0042885    -0.26   0.797    -.0095074    .0073034
      z_dum4 |  -.0048493   .0046008    -1.05   0.292    -.0138668    .0041682
      z_dum5 |  -.0090939   .0049706    -1.83   0.067    -.0188363    .0006484
      z_dum6 |  -.0099997   .0054157    -1.85   0.065    -.0206143    .0006149
      z_dum7 |  -.0170265   .0059557    -2.86   0.004    -.0286996   -.0053534
   educ_dum1 |  -.0925408   .0062314   -14.85   0.000    -.1047543   -.0803273
   educ_dum2 |  -.1207191   .0044754   -26.97   0.000    -.1294908   -.1119474
   educ_dum3 |  -.0974823    .004374   -22.29   0.000    -.1060552   -.0889093
    postgrad |   .0348242   .0047694     7.30   0.000     .0254762    .0441721
   race_dum1 |   .0334554   .0174781     1.91   0.056    -.0008011     .067712
   race_dum2 |    .002999   .0177112     0.17   0.866    -.0317145    .0377126
   race_dum3 |   -.000086   .0193113    -0.00   0.996    -.0379357    .0377636
   race_dum4 |   .1090319    .022595     4.83   0.000     .0647462    .1533175
   race_dum5 |   .0408676   .0184612     2.21   0.027     .0046841    .0770511
         OLF |   .2074515   .0126665    16.38   0.000     .1826255    .2322774
       unemp |   .0776687   .0096977     8.01   0.000     .0586613     .096676
     student |   .0503939   .0091471     5.51   0.000     .0324659     .068322
    occ_dum1 |  -.0053508   .0110281    -0.49   0.628    -.0269656     .016264
    occ_dum2 |   .0331479   .0291179     1.14   0.255    -.0239223    .0902182
    occ_dum3 |  -.0383877   .0157324    -2.44   0.015    -.0692228   -.0075525
    occ_dum4 |  -.0234646   .0181855    -1.29   0.197    -.0591076    .0121785
    occ_dum5 |  -.0290864   .0297138    -0.98   0.328    -.0873246    .0291519
    occ_dum6 |  -.0268753   .0279054    -0.96   0.336    -.0815692    .0278186
    occ_dum7 |   .0155365    .021266     0.73   0.465    -.0261444    .0572173
    occ_dum8 |  -.0623796   .0201019    -3.10   0.002    -.1017788   -.0229805
    occ_dum9 |  -.0825739   .0164393    -5.02   0.000    -.1147944   -.0503533
   occ_dum10 |  -.0235638   .0340188    -0.69   0.489    -.0902397    .0431122
   occ_dum11 |  -.0420947   .0185952    -2.26   0.024    -.0785409   -.0056486
   occ_dum12 |   .0166232   .0214794     0.77   0.439    -.0254758    .0587223
   occ_dum13 |  -.1878509   .0188613    -9.96   0.000    -.2248185   -.1508833
   occ_dum14 |   .0434045   .0296861     1.46   0.144    -.0147794    .1015884
   occ_dum15 |  -.0366015   .0264961    -1.38   0.167    -.0885332    .0153302
   occ_dum16 |  -.2020835   .0252524    -8.00   0.000    -.2515776   -.1525894
   occ_dum17 |   .0091232   .0323614     0.28   0.778    -.0543042    .0725506
   occ_dum18 |  -.1823022    .044745    -4.07   0.000    -.2700012   -.0946032
   occ_dum19 |  -.0063452   .0186749    -0.34   0.734    -.0429476    .0302571
   occ_dum20 |   -.000753   .0213418    -0.04   0.972    -.0425824    .0410764
   occ_dum21 |  -.0306691   .0143445    -2.14   0.033     -.058784   -.0025541
   occ_dum22 |   .0100855   .0256605     0.39   0.694    -.0402083    .0603793
   occ_dum23 |  -.3183393   .0250047   -12.73   0.000    -.3673479   -.2693308
   occ_dum24 |   .0128723   .0419907     0.31   0.759    -.0694284     .095173
   occ_dum25 |  -.0027461   .0212265    -0.13   0.897    -.0443494    .0388572
   occ_dum26 |  -.0132044   .0275714    -0.48   0.632    -.0672437    .0408348
   occ_dum27 |  -.2454576   .0670469    -3.66   0.000    -.3768678   -.1140473
   occ_dum28 |   .8060338   .1599377     5.04   0.000       .49256    1.119508
   occ_dum29 |  -.0774832   .0180845    -4.28   0.000    -.1129283    -.042038
   occ_dum30 |    -.08363   .0464178    -1.80   0.072    -.1746078    .0073477
   occ_dum31 |  -.0572345   .0164015    -3.49   0.000    -.0893811    -.025088
   occ_dum32 |   .0236826   .0176371     1.34   0.179    -.0108857    .0582509
   occ_dum33 |   .1855737   .0439884     4.22   0.000     .0993576    .2717897
   occ_dum34 |  -.2409029   .0815965    -2.95   0.003      -.40083   -.0809758
   occ_dum35 |  -.0378571   .0199415    -1.90   0.058     -.076942    .0012277
   occ_dum36 |  -.0506541   .0160376    -3.16   0.002    -.0820873   -.0192209
   occ_dum37 |   .0959904   .0573977     1.67   0.094    -.0165077    .2084885
   occ_dum38 |   .0216458     .02436     0.89   0.374    -.0260991    .0693907
   occ_dum40 |    .045529    .021022     2.17   0.030     .0043265    .0867316
   occ_dum41 |  -.0337952   .0335695    -1.01   0.314    -.0995905        .032
   occ_dum42 |  -.0132494   .0180924    -0.73   0.464    -.0487101    .0222112
   occ_dum43 |   .0040628   .0441915     0.09   0.927    -.0825515    .0906771
   occ_dum44 |  -.0593456   .0434025    -1.37   0.172    -.1444133    .0257221
   occ_dum45 |  -.0494387   .0174101    -2.84   0.005     -.083562   -.0153155
   occ_dum46 |   .0012172   .0278435     0.04   0.965    -.0533553    .0557897
   occ_dum47 |  -.1038051   .0366231    -2.83   0.005    -.1755854   -.0320249
   occ_dum48 |  -.0385264   .0220421    -1.75   0.080    -.0817284    .0046756
   occ_dum49 |   .0406958   .0583618     0.70   0.486    -.0736917    .1550834
   occ_dum50 |   .1686038   .0625602     2.70   0.007     .0459873    .2912202
   occ_dum51 |   .4306907    .077654     5.55   0.000     .2784908    .5828905
   occ_dum52 |  -.0400687   .0162073    -2.47   0.013    -.0718346   -.0083028
   occ_dum53 |   -.156156   .0383711    -4.07   0.000    -.2313624   -.0809496
   occ_dum54 |  -.0373056   .0307387    -1.21   0.225    -.0975526    .0229415
   occ_dum55 |  -.0384401   .0280295    -1.37   0.170    -.0933773     .016497
   occ_dum56 |  -.1441796   .0316659    -4.55   0.000     -.206244   -.0821152
   occ_dum57 |   -.053881   .0408734    -1.32   0.187    -.1339917    .0262298
   occ_dum58 |  -.1747079   .0200252    -8.72   0.000    -.2139569    -.135459
   occ_dum59 |  -.0945489    .024591    -3.84   0.000    -.1427467   -.0463511
   occ_dum60 |  -.1264736   .0677049    -1.87   0.062    -.2591735    .0062263
   occ_dum61 |   .0577219   .0359852     1.60   0.109    -.0128082     .128252
   occ_dum62 |   -.368816   .2398765    -1.54   0.124    -.8389677    .1013357
   occ_dum63 |  -.0540422   .0200498    -2.70   0.007    -.0933392   -.0147452
   occ_dum64 |  -.0526986   .0150351    -3.51   0.000     -.082167   -.0232302
   occ_dum65 |  -.0165256   .0161585    -1.02   0.306    -.0481959    .0151447
   occ_dum66 |    -.07077   .0551216    -1.28   0.199    -.1788069    .0372669
   occ_dum67 |  -.1117429   .0170713    -6.55   0.000    -.1452022   -.0782837
   occ_dum68 |  -.3451302   .1247302    -2.77   0.006    -.5895982   -.1006621
   occ_dum69 |  -.0280829    .076407    -0.37   0.713    -.1778387    .1216728
   occ_dum70 |  -.0300852   .0263163    -1.14   0.253    -.0816644    .0214941
   occ_dum71 |  -.0531148   .0213184    -2.49   0.013    -.0948983   -.0113313
   occ_dum72 |  -.6720451   .1421837    -4.73   0.000    -.9507216   -.3933687
   occ_dum73 |  -.0993164   .0168148    -5.91   0.000    -.1322729   -.0663599
   occ_dum74 |  -.0206729   .0293354    -0.70   0.481    -.0781696    .0368238
   occ_dum75 |  -.0874149   .0162258    -5.39   0.000     -.119217   -.0556128
   occ_dum76 |  -.0418371    .015043    -2.78   0.005    -.0713209   -.0123533
   occ_dum77 |  -.0668626   .0153181    -4.36   0.000    -.0968856   -.0368395
   occ_dum78 |   .0639816   .0193306     3.31   0.001     .0260941    .1018691
 twoind_dum2 |   .1298148   .0203569     6.38   0.000     .0899159    .1697138
 twoind_dum3 |  -.0561526   .0653377    -0.86   0.390    -.1842127    .0719075
 twoind_dum4 |   .0472843   .0163263     2.90   0.004     .0152852    .0792834
 twoind_dum5 |  -.0229734   .0215207    -1.07   0.286    -.0651535    .0192067
 twoind_dum6 |   .0985562   .0179062     5.50   0.000     .0634606    .1336519
 twoind_dum7 |   .0155915   .0198308     0.79   0.432    -.0232763    .0544592
 twoind_dum8 |    .050037   .0221021     2.26   0.024     .0067174    .0933565
 twoind_dum9 |  -.0056387   .0167052    -0.34   0.736    -.0383804     .027103
twoind_dum10 |   .0511437   .0151704     3.37   0.001     .0214101    .0808773
twoind_dum11 |   .0181706   .0160953     1.13   0.259    -.0133757     .049717
twoind_dum12 |   .0102718   .0157477     0.65   0.514    -.0205933    .0411369
twoind_dum13 |   .0328748   .0178121     1.85   0.065    -.0020364    .0677859
twoind_dum14 |   .0946613   .0173256     5.46   0.000     .0607035    .1286192
twoind_dum15 |   .1064686   .0179143     5.94   0.000      .071357    .1415801
twoind_dum16 |   .0614367   .0152885     4.02   0.000     .0314717    .0914018
twoind_dum17 |   .0697545   .0155967     4.47   0.000     .0391854    .1003235
twoind_dum18 |   .0621847   .0146565     4.24   0.000     .0334583    .0909111
twoind_dum19 |    .063845    .023952     2.67   0.008     .0168997    .1107904
twoind_dum20 |   .0206196   .0167142     1.23   0.217    -.0121398     .053379
twoind_dum21 |   .0615772   .0156992     3.92   0.000     .0308072    .0923471
twoind_dum22 |   .1729432   .0180502     9.58   0.000     .1375653    .2083212
twoind_dum23 |   .1945694   .0195217     9.97   0.000     .1563073    .2328315
twoind_dum24 |    .029166   .0211197     1.38   0.167    -.0122281    .0705602
twoind_dum25 |   .0598567   .0205386     2.91   0.004     .0196016    .1001119
twoind_dum26 |   .1624775   .0174614     9.30   0.000     .1282536    .1967014
twoind_dum27 |   .0969969   .0174579     5.56   0.000       .06278    .1312139
twoind_dum28 |   .1195235   .0192913     6.20   0.000      .081713     .157334
twoind_dum29 |   .0908616   .0147983     6.14   0.000     .0618574    .1198658
twoind_dum30 |    .076863   .0211141     3.64   0.000       .03548    .1182461
twoind_dum31 |    .424558   .1088784     3.90   0.000     .2111592    .6379568
twoind_dum32 |    .077124    .015844     4.87   0.000     .0460702    .1081778
twoind_dum33 |  -.0308924   .0308707    -1.00   0.317    -.0913982    .0296134
    ten_dum2 |  -.0302416   .0036536    -8.28   0.000    -.0374025   -.0230807
    ten_dum3 |  -.0408267   .0039427   -10.36   0.000    -.0485543   -.0330991
censdiv_dum1 |   .0207568   .0150555     1.38   0.168    -.0087516    .0502652
censdiv_dum2 |   .0293033   .0073007     4.01   0.000     .0149942    .0436124
censdiv_dum3 |  -.0181801   .0053338    -3.41   0.001    -.0286342   -.0077261
censdiv_dum4 |  -.0413318   .0050479    -8.19   0.000    -.0512254   -.0314381
censdiv_dum5 |  -.0426604   .0056509    -7.55   0.000     -.053736   -.0315847
censdiv_dum6 |   -.006048   .0049673    -1.22   0.223    -.0157837    .0036878
censdiv_dum7 |  -.0023155   .0061404    -0.38   0.706    -.0143505    .0097194
censdiv_dum8 |  -.0065757   .0057503    -1.14   0.253    -.0178461    .0046947
censdiv_dum9 |  -.0566466    .007275    -7.79   0.000    -.0709054   -.0423878
   year_dum1 |  -.1389628   .0166337    -8.35   0.000    -.1715644   -.1063612
   year_dum2 |  -.1792177    .016438   -10.90   0.000    -.2114357   -.1469997
   year_dum3 |   -.194152   .0167391   -11.60   0.000    -.2269603   -.1613437
   year_dum4 |  -.1811211   .0163042   -11.11   0.000     -.213077   -.1491653
   year_dum5 |  -.1895992   .0164243   -11.54   0.000    -.2217904    -.157408
   year_dum6 |  -.1970192    .016205   -12.16   0.000    -.2287806   -.1652577
   year_dum7 |  -.2336725   .0164196   -14.23   0.000    -.2658546   -.2014905
   year_dum8 |  -.2321941   .0161247   -14.40   0.000     -.263798   -.2005902
   year_dum9 |  -.2353234   .0165582   -14.21   0.000     -.267777   -.2028698
  year_dum10 |   -.173812   .0160617   -10.82   0.000    -.2052925   -.1423315
  year_dum11 |  -.1864176   .0171179   -10.89   0.000    -.2199681    -.152867
  year_dum12 |  -.1084574   .0160641    -6.75   0.000    -.1399425   -.0769722
  year_dum13 |  -.1437277   .0186259    -7.72   0.000    -.1802339   -.1072215
  year_dum14 |  -.1174706   .0160207    -7.33   0.000    -.1488707   -.0860705
  year_dum15 |  -.1722969   .0198379    -8.69   0.000    -.2111787   -.1334151
  year_dum16 |  -.1038442    .016034    -6.48   0.000    -.1352704   -.0724181
  year_dum18 |  -.0969287   .0159911    -6.06   0.000    -.1282709   -.0655866
  year_dum20 |  -.0622318   .0160095    -3.89   0.000    -.0936101   -.0308535
  year_dum22 |  -.0983054   .0160472    -6.13   0.000    -.1297575   -.0668533
  year_dum24 |  -.0500457   .0160377    -3.12   0.002    -.0814791   -.0186122
  year_dum25 |  -.0625921   .0161419    -3.88   0.000    -.0942297   -.0309544
  year_dum26 |  -.0759252   .0160809    -4.72   0.000    -.1074433   -.0444071
  year_dum27 |  -.1422072   .0160357    -8.87   0.000    -.1736368   -.1107776
  year_dum28 |  -.0976968   .0161564    -6.05   0.000     -.129363   -.0660306
  year_dum29 |  -.0863736   .0161527    -5.35   0.000    -.1180324   -.0547148
  year_dum30 |  -.0616978   .0163348    -3.78   0.000    -.0937137    -.029682
  year_dum31 |  -.0857856   .0167676    -5.12   0.000    -.1186497   -.0529215
  year_dum32 |  -.0182224   .0178907    -1.02   0.308    -.0532878     .016843
agebin4_dum1 |   .4625376   .0063284    73.09   0.000     .4501341    .4749411
agebin4_dum2 |   .3765486   .0060256    62.49   0.000     .3647385    .3883587
agebin4_dum3 |   .2771737   .0060049    46.16   0.000     .2654042    .2889431
agebin4_dum4 |   .1968347   .0060974    32.28   0.000     .1848838    .2087855
agebin4_dum5 |   .1326735   .0062333    21.28   0.000     .1204565    .1448905
agebin4_dum6 |   .0702812   .0064465    10.90   0.000     .0576462    .0829162
agebin4_dum8 |  -.0797375   .0083691    -9.53   0.000    -.0961408   -.0633343
agebin4_dum9 |  -.1910614   .0120316   -15.88   0.000     -.214643   -.1674798
agebin4_d~10 |  -.2432573    .027725    -8.77   0.000    -.2975976   -.1889171
       _cons |   .0520799   .0237358     2.19   0.028     .0055584    .0986014
------------------------------------------------------------------------------
note: occ_dum39 omitted because it is constant.
note: year_dum17 omitted because it is constant.
note: year_dum19 omitted because it is constant.
note: year_dum21 omitted because it is constant.
note: year_dum23 omitted because it is constant.
note: year_dum34 omitted because it is constant.
note: year_dum35 omitted because it is constant.
note: year_dum36 omitted because it is constant.
note: year_dum37 omitted because it is constant.
note: agebin4_dum11 omitted because it is constant.
note: agebin4_dum12 omitted because it is constant.
note: occ_dum1 omitted because of collinearity with another variable.
Computing plugin lambda ...
Iteration 1:     lambda = .0092627   no. of nonzero coef. =  81
Iteration 2:     lambda = .0092627   no. of nonzero coef. =  81

Lasso linear model                          No. of obs        =    234,067
                                            No. of covariates =        181
Selection: Plugin heteroskedastic

--------------------------------------------------------------------------
         |                                No. of
         |                               nonzero    In-sample
      ID |     Description      lambda     coef.    R-squared          BIC
---------+----------------------------------------------------------------
     * 1 | selected lambda    .0092627        81       0.0823     452648.2
--------------------------------------------------------------------------
* lambda selected by plugin formula assuming heteroskedastic errors.

-------------------------
              |  active  
--------------+----------
       z_dum2 |     x    
       z_dum3 |     x    
       z_dum4 |     x    
       z_dum5 |     x    
       z_dum6 |     x    
       z_dum7 |     x    
    educ_dum1 |     x    
    educ_dum2 |     x    
    educ_dum4 |     x    
     postgrad |     x    
    race_dum2 |     x    
    race_dum4 |     x    
    race_dum5 |     x    
          OLF |     x    
        unemp |     x    
      student |     x    
     occ_dum2 |     x    
     occ_dum7 |     x    
    occ_dum12 |     x    
    occ_dum13 |     x    
    occ_dum14 |     x    
    occ_dum16 |     x    
    occ_dum23 |     x    
    occ_dum29 |     x    
    occ_dum32 |     x    
    occ_dum40 |     x    
    occ_dum42 |     x    
    occ_dum58 |     x    
    occ_dum67 |     x    
    occ_dum73 |     x    
    occ_dum75 |     x    
    occ_dum78 |     x    
  twoind_dum2 |     x    
  twoind_dum5 |     x    
  twoind_dum7 |     x    
  twoind_dum9 |     x    
 twoind_dum10 |     x    
 twoind_dum11 |     x    
 twoind_dum12 |     x    
 twoind_dum13 |     x    
 twoind_dum20 |     x    
 twoind_dum22 |     x    
 twoind_dum23 |     x    
 twoind_dum27 |     x    
 twoind_dum28 |     x    
 twoind_dum29 |     x    
 twoind_dum32 |     x    
 twoind_dum34 |     x    
     ten_dum2 |     x    
     ten_dum3 |     x    
 censdiv_dum2 |     x    
 censdiv_dum4 |     x    
 censdiv_dum5 |     x    
 censdiv_dum9 |     x    
censdiv_dum10 |     x    
    year_dum2 |     x    
    year_dum3 |     x    
    year_dum4 |     x    
    year_dum5 |     x    
    year_dum6 |     x    
    year_dum7 |     x    
    year_dum8 |     x    
    year_dum9 |     x    
   year_dum10 |     x    
   year_dum11 |     x    
   year_dum20 |     x    
   year_dum24 |     x    
   year_dum25 |     x    
   year_dum26 |     x    
   year_dum27 |     x    
   year_dum30 |     x    
   year_dum32 |     x    
   year_dum33 |     x    
 agebin4_dum1 |     x    
 agebin4_dum2 |     x    
 agebin4_dum3 |     x    
 agebin4_dum4 |     x    
 agebin4_dum5 |     x    
 agebin4_dum8 |     x    
 agebin4_dum9 |     x    
agebin4_dum10 |     x    
        _cons |     x    
-------------------------
Legend:
  b - base level
  e - empty cell
  o - omitted
  x - estimated
(600,827 observations deleted)

    horizon |
     (years |
     ahead) |      Freq.     Percent        Cum.
------------+-----------------------------------
         24 |     12,342       29.00       29.00
         26 |      9,374       22.03       51.03
         28 |      7,431       17.46       68.49
         30 |      5,806       13.64       82.13
         32 |      4,407       10.36       92.48
         34 |      3,199        7.52      100.00
------------+-----------------------------------
      Total |     42,559      100.00
note: o.educ_dum4 omitted because of estimability.
note: o.race_dum6 omitted because of estimability.
note: o.occ_dum28 omitted because of estimability.
note: o.occ_dum39 omitted because of estimability.
note: o.occ_dum62 omitted because of estimability.
note: o.occ_dum68 omitted because of estimability.
note: o.occ_dum72 omitted because of estimability.
note: o.occ_dum79 omitted because of estimability.
note: twoind_dum1 omitted because of estimability.
note: o.twoind_dum34 omitted because of estimability.
note: o.censdiv_dum10 omitted because of estimability.
note: o.year_dum3 omitted because of estimability.
note: o.year_dum5 omitted because of estimability.
note: o.year_dum7 omitted because of estimability.
note: o.year_dum9 omitted because of estimability.
note: o.year_dum11 omitted because of estimability.
note: o.year_dum13 omitted because of estimability.
note: o.year_dum15 omitted because of estimability.
note: o.year_dum17 omitted because of estimability.
note: o.year_dum19 omitted because of estimability.
note: o.year_dum21 omitted because of estimability.
note: o.year_dum23 omitted because of estimability.
note: o.year_dum26 omitted because of estimability.
note: o.year_dum27 omitted because of estimability.
note: o.year_dum28 omitted because of estimability.
note: o.year_dum29 omitted because of estimability.
note: o.year_dum30 omitted because of estimability.
note: o.year_dum31 omitted because of estimability.
note: o.year_dum32 omitted because of estimability.
note: o.year_dum33 omitted because of estimability.
note: o.year_dum34 omitted because of estimability.
note: o.year_dum35 omitted because of estimability.
note: o.year_dum36 omitted because of estimability.
note: o.year_dum37 omitted because of estimability.
note: o.agebin4_dum6 omitted because of estimability.
note: o.agebin4_dum8 omitted because of estimability.
note: o.agebin4_dum9 omitted because of estimability.
note: o.agebin4_dum10 omitted because of estimability.
note: o.agebin4_dum11 omitted because of estimability.
note: o.agebin4_dum12 omitted because of estimability.

Wald test, begin with full model:
p = 0.2635 >= 0.1000, removing student

      Source |       SS           df       MS      Number of obs   =    38,987
-------------+----------------------------------   F(151, 38835)   =     64.25
       Model |  8510.26757       151  56.3593879   Prob > F        =    0.0000
    Residual |  34064.7078    38,835  .877165128   R-squared       =    0.1999
-------------+----------------------------------   Adj R-squared   =    0.1968
       Total |  42574.9753    38,986  1.09205805   Root MSE        =    .93657

------------------------------------------------------------------------------
     G_fearn | Coefficient  Std. err.      t    P>|t|     [95% conf. interval]
-------------+----------------------------------------------------------------
      z_dum2 |  -.0562838   .0137324    -4.10   0.000    -.0831997   -.0293679
      z_dum3 |  -.1292135   .0149043    -8.67   0.000    -.1584263   -.1000007
      z_dum4 |  -.1916168   .0162577   -11.79   0.000    -.2234824   -.1597512
      z_dum5 |   -.256481   .0180527   -14.21   0.000    -.2918648   -.2210973
      z_dum6 |  -.3348233   .0205321   -16.31   0.000    -.3750667   -.2945799
   educ_dum1 |  -.1328833   .0276459    -4.81   0.000    -.1870699   -.0786966
   educ_dum2 |  -.1921719   .0158487   -12.13   0.000    -.2232358    -.161108
   educ_dum3 |  -.1206299   .0152448    -7.91   0.000    -.1505099   -.0907498
    postgrad |   .1110903   .0162282     6.85   0.000     .0792827     .142898
   race_dum1 |  -.1958517   .0619374    -3.16   0.002    -.3172506   -.0744528
   race_dum2 |  -.2135254   .0630878    -3.38   0.001     -.337179   -.0898717
   race_dum3 |  -.2472701   .0687082    -3.60   0.000      -.38194   -.1126002
   race_dum4 |  -.2753593   .1064599    -2.59   0.010    -.4840234   -.0666952
   race_dum5 |  -.2189986   .0697112    -3.14   0.002    -.3556342   -.0823629
         OLF |   .3903071   .0355251    10.99   0.000      .320677    .4599373
       unemp |    .062285   .0336635     1.85   0.064    -.0036963    .1282663
agebin4_dum1 |   1.590211   .0345805    45.99   0.000     1.522432    1.657989
agebin4_dum2 |   1.332048   .0339047    39.29   0.000     1.265594    1.398502
agebin4_dum3 |   1.088393   .0337551    32.24   0.000     1.022232    1.154554
agebin4_dum4 |   .7700244   .0342342    22.49   0.000     .7029246    .8371242
agebin4_dum5 |   .3636809   .0366268     9.93   0.000     .2918915    .4354703
    occ_dum1 |   .1437818   .0365097     3.94   0.000     .0722219    .2153418
    occ_dum2 |  -.1069493     .12806    -0.84   0.404    -.3579501    .1440515
    occ_dum3 |  -.2878143   .0883135    -3.26   0.001     -.460911   -.1147176
    occ_dum4 |  -.4307164   .0933658    -4.61   0.000    -.6137158   -.2477171
    occ_dum5 |  -.2393651   .1215401    -1.97   0.049    -.4775867   -.0011435
    occ_dum6 |  -.3567912   .1321484    -2.70   0.007    -.6158054    -.097777
    occ_dum7 |  -.2437642   .1027526    -2.37   0.018    -.4451619   -.0423664
    occ_dum8 |  -.4389282   .1071164    -4.10   0.000     -.648879   -.2289773
    occ_dum9 |  -.4384381   .0918033    -4.78   0.000    -.6183749   -.2585014
   occ_dum10 |  -.1103455   .1439022    -0.77   0.443    -.3923975    .1717065
   occ_dum11 |  -.3116978   .0949061    -3.28   0.001    -.4977162   -.1256794
   occ_dum12 |  -.2003711   .1028064    -1.95   0.051    -.4018742    .0011321
   occ_dum13 |  -.6803063   .1000847    -6.80   0.000    -.8764748   -.4841377
   occ_dum14 |   .1017939    .126415     0.81   0.421    -.1459827    .3495706
   occ_dum15 |  -.1686706   .1241262    -1.36   0.174    -.4119612    .0746199
   occ_dum16 |  -1.074741   .1183461    -9.08   0.000    -1.306702   -.8427799
   occ_dum17 |   .2415832    .141542     1.71   0.088    -.0358428    .5190091
   occ_dum18 |   -.609034   .1645231    -3.70   0.000    -.9315033   -.2865646
   occ_dum19 |  -.4498166   .0976038    -4.61   0.000    -.6411226   -.2585107
   occ_dum20 |   -.192491   .1089643    -1.77   0.077    -.4060638    .0210818
   occ_dum21 |  -.3804539   .0866069    -4.39   0.000    -.5502056   -.2107023
   occ_dum22 |  -.0360591   .1368551    -0.26   0.792    -.3042986    .2321803
   occ_dum23 |  -.6495372   .1316412    -4.93   0.000    -.9075574   -.3915171
   occ_dum24 |  -.8458428   .1779481    -4.75   0.000    -1.194625   -.4970601
   occ_dum25 |  -.1409755   .1214241    -1.16   0.246    -.3789697    .0970187
   occ_dum26 |  -.4817873   .1137829    -4.23   0.000    -.7048047     -.25877
   occ_dum27 |  -1.224656   .2665955    -4.59   0.000     -1.74719   -.7021218
   occ_dum29 |  -.4760306   .0968684    -4.91   0.000    -.6658951   -.2861661
   occ_dum30 |  -.4431499    .165961    -2.67   0.008    -.7684377   -.1178622
   occ_dum31 |  -.2444792   .0933892    -2.62   0.009    -.4275243    -.061434
   occ_dum32 |  -.2495724   .0940452    -2.65   0.008    -.4339035   -.0652414
   occ_dum33 |   .4178383   .1545439     2.70   0.007     .1149283    .7207482
   occ_dum34 |   -1.74244   .4769833    -3.65   0.000    -2.677339    -.807541
   occ_dum35 |  -.2591747    .102125    -2.54   0.011    -.4593423   -.0590071
   occ_dum36 |  -.2313856   .0902578    -2.56   0.010    -.4082931   -.0544781
   occ_dum37 |  -.4323913   .2743508    -1.58   0.115    -.9701257    .1053431
   occ_dum38 |  -.3957997   .1127434    -3.51   0.000    -.6167797   -.1748198
   occ_dum40 |  -.1209872   .1067096    -1.13   0.257    -.3301407    .0881663
   occ_dum41 |  -.2328198   .2278401    -1.02   0.307    -.6793921    .2137524
   occ_dum42 |  -.3270701   .0987713    -3.31   0.001    -.5206642   -.1334759
   occ_dum43 |   .1465394   .2660932     0.55   0.582      -.37501    .6680889
   occ_dum44 |  -.1808816   .2054627    -0.88   0.379    -.5835936    .2218305
   occ_dum45 |  -.3530975    .095876    -3.68   0.000    -.5410168   -.1651782
   occ_dum46 |  -.2207943    .121983    -1.81   0.070    -.4598841    .0182955
   occ_dum47 |  -.9456157    .163075    -5.80   0.000    -1.265247   -.6259846
   occ_dum48 |  -.2785464   .1052613    -2.65   0.008    -.4848612   -.0722316
   occ_dum49 |  -.8808278   .2107311    -4.18   0.000    -1.293866   -.4677896
   occ_dum50 |  -.3913554   .2855967    -1.37   0.171    -.9511322    .1684214
   occ_dum51 |  -.8719121     .40742    -2.14   0.032    -1.670465   -.0733587
   occ_dum52 |  -.5207064   .0911887    -5.71   0.000    -.6994386   -.3419742
   occ_dum53 |  -.4954052   .1360256    -3.64   0.000    -.7620188   -.2287917
   occ_dum54 |  -.7047205   .1455266    -4.84   0.000    -.9899564   -.4194847
   occ_dum55 |  -.3789597   .1285874    -2.95   0.003    -.6309943   -.1269252
   occ_dum56 |  -.5826159   .1256304    -4.64   0.000    -.8288546   -.3363772
   occ_dum57 |  -.3928883   .1678749    -2.34   0.019    -.7219274   -.0638493
   occ_dum58 |  -.4822427    .102824    -4.69   0.000    -.6837802   -.2807051
   occ_dum59 |  -.5549112   .1137798    -4.88   0.000    -.7779225   -.3318999
   occ_dum60 |  -1.638704   .2979327    -5.50   0.000    -2.222659   -1.054748
   occ_dum61 |  -.7849625   .1395249    -5.63   0.000    -1.058435   -.5114902
   occ_dum63 |  -.3049993   .0991382    -3.08   0.002    -.4993127   -.1106859
   occ_dum64 |  -.4124421   .0876877    -4.70   0.000    -.5843121   -.2405721
   occ_dum65 |  -.2564156    .090698    -2.83   0.005    -.4341859   -.0786452
   occ_dum66 |  -1.790164    .204467    -8.76   0.000    -2.190924   -1.389403
   occ_dum67 |   -.447185   .0941534    -4.75   0.000     -.631728   -.2626421
   occ_dum69 |  -.5722655   .6683831    -0.86   0.392    -1.882313    .7377821
   occ_dum70 |  -.1642688   .1116312    -1.47   0.141    -.3830687     .054531
   occ_dum71 |  -.6715486   .1037819    -6.47   0.000    -.8749637   -.4681334
   occ_dum73 |   -.382683   .0930141    -4.11   0.000     -.564993   -.2003729
   occ_dum74 |  -.1412063   .1457489    -0.97   0.333    -.4268777    .1444652
   occ_dum75 |  -.3893941    .090771    -4.29   0.000    -.5673076   -.2114806
   occ_dum76 |  -.3334866   .0888036    -3.76   0.000    -.5075438   -.1594294
   occ_dum77 |  -.3655161   .0892469    -4.10   0.000    -.5404423   -.1905899
   occ_dum78 |  -.0804333   .0961492    -0.84   0.403    -.2688881    .1080216
 twoind_dum2 |   .6466581   .1009276     6.41   0.000     .4488375    .8444787
 twoind_dum3 |   1.228715   .2377972     5.17   0.000     .7626262    1.694803
 twoind_dum4 |   .2327605   .0901918     2.58   0.010     .0559823    .4095387
 twoind_dum5 |   .0985488   .1004496     0.98   0.327     -.098335    .2954326
 twoind_dum6 |   .1676346   .0951742     1.76   0.078    -.0189091    .3541784
 twoind_dum7 |   .4590794   .1028309     4.46   0.000     .2575282    .6606306
 twoind_dum8 |   .1795965   .1054864     1.70   0.089    -.0271594    .3863524
 twoind_dum9 |   .2464586   .0924768     2.67   0.008     .0652018    .4277153
twoind_dum10 |   .1439243    .087486     1.65   0.100    -.0275505    .3153991
twoind_dum11 |   .2515458   .0870533     2.89   0.004     .0809191    .4221726
twoind_dum12 |   .1905735   .0893238     2.13   0.033     .0154967    .3656504
twoind_dum13 |    .324133   .0933823     3.47   0.001     .1411013    .5071647
twoind_dum14 |   .3549507   .0933155     3.80   0.000       .17205    .5378513
twoind_dum15 |   .4383418   .0931069     4.71   0.000       .25585    .6208337
twoind_dum16 |   .2817129   .0888117     3.17   0.002     .1076397     .455786
twoind_dum17 |   .3423474   .0892764     3.83   0.000     .1673634    .5173313
twoind_dum18 |   .1853045   .0872313     2.12   0.034      .014329    .3562801
twoind_dum19 |   .2745634   .1148377     2.39   0.017     .0494787     .499648
twoind_dum20 |  -.0275972   .0917353    -0.30   0.764    -.2074007    .1522062
twoind_dum21 |   .2274047   .0895235     2.54   0.011     .0519363    .4028731
twoind_dum22 |   .4493146   .0965335     4.65   0.000     .2601066    .6385226
twoind_dum23 |   .4649101   .0998444     4.66   0.000     .2692126    .6606077
twoind_dum24 |   .2808339   .1094093     2.57   0.010      .066389    .4952788
twoind_dum25 |   .3233324   .1055453     3.06   0.002      .116461    .5302038
twoind_dum26 |   .2189596   .0958288     2.28   0.022     .0311327    .4067864
twoind_dum27 |   .4318668    .095212     4.54   0.000     .2452489    .6184847
twoind_dum28 |   .3230739   .0999306     3.23   0.001     .1272074    .5189403
twoind_dum29 |   .2714298   .0870918     3.12   0.002     .1007278    .4421319
twoind_dum30 |   .0591472   .1074668     0.55   0.582    -.1514904    .2697847
twoind_dum31 |    .296511   .9416168     0.31   0.753    -1.549081    2.142103
twoind_dum32 |   .1127755   .0905255     1.25   0.213    -.0646568    .2902077
twoind_dum33 |   .2631987   .2366528     1.11   0.266    -.2006468    .7270443
    ten_dum2 |  -.0639815   .0121071    -5.28   0.000    -.0877118   -.0402512
    ten_dum3 |    -.09859   .0152071    -6.48   0.000    -.1283963   -.0687838
censdiv_dum1 |  -.3720693   .0562425    -6.62   0.000     -.482306   -.2618325
censdiv_dum2 |   .0219908   .0262638     0.84   0.402    -.0294869    .0734686
censdiv_dum3 |  -.0876895   .0193004    -4.54   0.000    -.1255188   -.0498602
censdiv_dum4 |  -.1591969   .0180147    -8.84   0.000    -.1945061   -.1238877
censdiv_dum5 |  -.2198505   .0201466   -10.91   0.000    -.2593384   -.1803625
censdiv_dum6 |  -.1418735   .0185036    -7.67   0.000     -.178141   -.1056059
censdiv_dum7 |   .0760641   .0227454     3.34   0.001     .0314827    .1206456
censdiv_dum8 |  -.0156501   .0210894    -0.74   0.458    -.0569858    .0256856
censdiv_dum9 |  -.0626945   .0275263    -2.28   0.023    -.1166468   -.0087422
   year_dum1 |  -.3063634   .0532963    -5.75   0.000    -.4108255   -.2019013
   year_dum2 |  -.3630118   .0423182    -8.58   0.000    -.4459566    -.280067
   year_dum4 |  -.3316626   .0414085    -8.01   0.000    -.4128243    -.250501
   year_dum6 |  -.3177623    .040843    -7.78   0.000    -.3978155    -.237709
   year_dum8 |  -.3494201   .0404769    -8.63   0.000    -.4287558   -.2700844
  year_dum10 |  -.2071534   .0400787    -5.17   0.000    -.2857087   -.1285982
  year_dum12 |  -.0870179   .0400086    -2.17   0.030    -.1654357   -.0086001
  year_dum14 |   -.150264   .0398713    -3.77   0.000    -.2284128   -.0721153
  year_dum16 |  -.1383704   .0399513    -3.46   0.001     -.216676   -.0600648
  year_dum18 |  -.0871725   .0401122    -2.17   0.030    -.1657933   -.0085516
  year_dum20 |  -.0393413   .0404451    -0.97   0.331    -.1186148    .0399322
  year_dum22 |   .0007328   .0413419     0.02   0.986    -.0802984     .081764
  year_dum24 |   .0295098   .0425474     0.69   0.488    -.0538842    .1129037
  year_dum25 |  -.0220874   .0450054    -0.49   0.624    -.1102991    .0661243
       _cons |  -.3847765   .0785905    -4.90   0.000     -.538816   -.2307371
------------------------------------------------------------------------------
note: occ_dum28 omitted because it is constant.
note: occ_dum39 omitted because it is constant.
note: occ_dum62 omitted because it is constant.
note: occ_dum68 omitted because it is constant.
note: occ_dum72 omitted because it is constant.
note: year_dum3 omitted because it is constant.
note: year_dum5 omitted because it is constant.
note: year_dum7 omitted because it is constant.
note: year_dum9 omitted because it is constant.
note: year_dum11 omitted because it is constant.
note: year_dum13 omitted because it is constant.
note: year_dum15 omitted because it is constant.
note: year_dum17 omitted because it is constant.
note: year_dum19 omitted because it is constant.
note: year_dum21 omitted because it is constant.
note: year_dum23 omitted because it is constant.
note: year_dum27 omitted because it is constant.
note: year_dum28 omitted because it is constant.
note: year_dum29 omitted because it is constant.
note: year_dum30 omitted because it is constant.
note: year_dum31 omitted because it is constant.
note: year_dum32 omitted because it is constant.
note: year_dum33 omitted because it is constant.
note: year_dum34 omitted because it is constant.
note: year_dum35 omitted because it is constant.
note: year_dum36 omitted because it is constant.
note: year_dum37 omitted because it is constant.
note: agebin4_dum8 omitted because it is constant.
note: agebin4_dum9 omitted because it is constant.
note: agebin4_dum10 omitted because it is constant.
note: agebin4_dum11 omitted because it is constant.
note: agebin4_dum12 omitted because it is constant.
note: twoind_dum1 omitted because of collinearity with another variable.
Computing plugin lambda ...
Iteration 1:     lambda = .0223244   no. of nonzero coef. =  48
Iteration 2:     lambda = .0223244   no. of nonzero coef. =  54
Iteration 3:     lambda = .0223244   no. of nonzero coef. =  55
Iteration 4:     lambda = .0223244   no. of nonzero coef. =  55

Lasso linear model                          No. of obs        =     38,987
                                            No. of covariates =        159
Selection: Plugin heteroskedastic

--------------------------------------------------------------------------
         |                                No. of
         |                               nonzero    In-sample
      ID |     Description      lambda     coef.    R-squared          BIC
---------+----------------------------------------------------------------
     * 1 | selected lambda    .0223244        55       0.1705     107375.7
--------------------------------------------------------------------------
* lambda selected by plugin formula assuming heteroskedastic errors.

-------------------------
              |  active  
--------------+----------
       z_dum2 |     x    
       z_dum3 |     x    
       z_dum4 |     x    
       z_dum5 |     x    
       z_dum6 |     x    
    educ_dum2 |     x    
    educ_dum4 |     x    
     postgrad |     x    
          OLF |     x    
     occ_dum1 |     x    
     occ_dum7 |     x    
    occ_dum13 |     x    
    occ_dum14 |     x    
    occ_dum16 |     x    
    occ_dum17 |     x    
    occ_dum29 |     x    
    occ_dum33 |     x    
    occ_dum36 |     x    
    occ_dum52 |     x    
    occ_dum56 |     x    
    occ_dum64 |     x    
    occ_dum66 |     x    
    occ_dum71 |     x    
    occ_dum78 |     x    
  twoind_dum2 |     x    
  twoind_dum3 |     x    
 twoind_dum10 |     x    
 twoind_dum17 |     x    
 twoind_dum20 |     x    
 twoind_dum22 |     x    
 twoind_dum23 |     x    
 twoind_dum26 |     x    
 twoind_dum27 |     x    
     ten_dum2 |     x    
     ten_dum3 |     x    
 censdiv_dum2 |     x    
 censdiv_dum4 |     x    
 censdiv_dum5 |     x    
 censdiv_dum6 |     x    
 censdiv_dum7 |     x    
 censdiv_dum8 |     x    
censdiv_dum10 |     x    
    year_dum2 |     x    
    year_dum4 |     x    
    year_dum6 |     x    
    year_dum8 |     x    
   year_dum20 |     x    
   year_dum22 |     x    
   year_dum24 |     x    
   year_dum25 |     x    
 agebin4_dum1 |     x    
 agebin4_dum2 |     x    
 agebin4_dum4 |     x    
 agebin4_dum5 |     x    
 agebin4_dum6 |     x    
        _cons |     x    
-------------------------
Legend:
  b - base level
  e - empty cell
  o - omitted
  x - estimated
note: o.educ_dum4 omitted because of estimability.
note: o.race_dum6 omitted because of estimability.
note: o.occ_dum28 omitted because of estimability.
note: o.occ_dum39 omitted because of estimability.
note: o.occ_dum62 omitted because of estimability.
note: o.occ_dum68 omitted because of estimability.
note: o.occ_dum72 omitted because of estimability.
note: o.occ_dum79 omitted because of estimability.
note: twoind_dum1 omitted because of estimability.
note: o.twoind_dum34 omitted because of estimability.
note: o.censdiv_dum10 omitted because of estimability.
note: o.year_dum3 omitted because of estimability.
note: o.year_dum5 omitted because of estimability.
note: o.year_dum7 omitted because of estimability.
note: o.year_dum9 omitted because of estimability.
note: o.year_dum11 omitted because of estimability.
note: o.year_dum13 omitted because of estimability.
note: o.year_dum15 omitted because of estimability.
note: o.year_dum17 omitted because of estimability.
note: o.year_dum19 omitted because of estimability.
note: o.year_dum21 omitted because of estimability.
note: o.year_dum23 omitted because of estimability.
note: o.year_dum26 omitted because of estimability.
note: o.year_dum27 omitted because of estimability.
note: o.year_dum28 omitted because of estimability.
note: o.year_dum29 omitted because of estimability.
note: o.year_dum30 omitted because of estimability.
note: o.year_dum31 omitted because of estimability.
note: o.year_dum32 omitted because of estimability.
note: o.year_dum33 omitted because of estimability.
note: o.year_dum34 omitted because of estimability.
note: o.year_dum35 omitted because of estimability.
note: o.year_dum36 omitted because of estimability.
note: o.year_dum37 omitted because of estimability.
note: o.agebin4_dum6 omitted because of estimability.
note: o.agebin4_dum8 omitted because of estimability.
note: o.agebin4_dum9 omitted because of estimability.
note: o.agebin4_dum10 omitted because of estimability.
note: o.agebin4_dum11 omitted because of estimability.
note: o.agebin4_dum12 omitted because of estimability.

Wald test, begin with full model:
p = 0.4275 >= 0.1000, removing unemp

      Source |       SS           df       MS      Number of obs   =    41,453
-------------+----------------------------------   F(151, 41301)   =     47.09
       Model |  3595.05097       151  23.8082845   Prob > F        =    0.0000
    Residual |   20879.426    41,301  .505542868   R-squared       =    0.1469
-------------+----------------------------------   Adj R-squared   =    0.1438
       Total |   24474.477    41,452  .590429339   Root MSE        =    .71102

------------------------------------------------------------------------------
    G_fhwage | Coefficient  Std. err.      t    P>|t|     [95% conf. interval]
-------------+----------------------------------------------------------------
      z_dum2 |  -.0201218   .0101727    -1.98   0.048    -.0400605   -.0001832
      z_dum3 |  -.0454396   .0110141    -4.13   0.000    -.0670274   -.0238518
      z_dum4 |   -.065743   .0119862    -5.48   0.000    -.0892362   -.0422498
      z_dum5 |  -.0848498    .013259    -6.40   0.000    -.1108377    -.058862
      z_dum6 |  -.1145292   .0149492    -7.66   0.000    -.1438299   -.0852284
   educ_dum1 |  -.1239895   .0205507    -6.03   0.000    -.1642693   -.0837096
   educ_dum2 |  -.1717958   .0117616   -14.61   0.000    -.1948488   -.1487429
   educ_dum3 |  -.1024787   .0112886    -9.08   0.000    -.1246046   -.0803528
    postgrad |   .0795925    .012034     6.61   0.000     .0560055    .1031795
   race_dum1 |  -.2327325   .0478149    -4.87   0.000    -.3264506   -.1390144
   race_dum2 |  -.3145517   .0486053    -6.47   0.000    -.4098192   -.2192842
   race_dum3 |  -.2452653   .0524561    -4.68   0.000    -.3480803   -.1424503
   race_dum4 |  -.1598719   .0799307    -2.00   0.045    -.3165379    -.003206
   race_dum5 |  -.2402152    .053294    -4.51   0.000    -.3446726   -.1357578
         OLF |   .1599458   .0331842     4.82   0.000      .094904    .2249876
agebin4_dum1 |   .8620551   .0244328    35.28   0.000     .8141664    .9099439
agebin4_dum2 |   .7163857   .0238726    30.01   0.000     .6695949    .7631765
agebin4_dum3 |   .5576115    .023748    23.48   0.000     .5110649    .6041581
agebin4_dum4 |     .38063   .0240311    15.84   0.000     .3335286    .4277314
agebin4_dum5 |   .1836904   .0256001     7.18   0.000     .1335136    .2338673
     student |   .0566232    .026262     2.16   0.031     .0051492    .1080972
    occ_dum1 |   .0760724   .0226073     3.36   0.001     .0317616    .1203831
    occ_dum2 |  -.1036345   .0952582    -1.09   0.277    -.2903426    .0830736
    occ_dum3 |  -.2165409   .0661721    -3.27   0.001    -.3462396   -.0868421
    occ_dum4 |  -.2649367   .0693628    -3.82   0.000    -.4008892   -.1289842
    occ_dum5 |  -.2708651   .0890867    -3.04   0.002    -.4454768   -.0962533
    occ_dum6 |  -.3702936   .0965486    -3.84   0.000    -.5595308   -.1810564
    occ_dum7 |  -.0798835   .0767047    -1.04   0.298    -.2302264    .0704595
    occ_dum8 |  -.3487068   .0790435    -4.41   0.000    -.5036336   -.1937799
    occ_dum9 |  -.3339352   .0686973    -4.86   0.000    -.4685835    -.199287
   occ_dum10 |  -.0400005    .104613    -0.38   0.702    -.2450443    .1650433
   occ_dum11 |  -.1856931   .0707455    -2.62   0.009    -.3243558   -.0470304
   occ_dum12 |  -.1073087   .0765139    -1.40   0.161    -.2572777    .0426602
   occ_dum13 |  -.6032633   .0747599    -8.07   0.000    -.7497942   -.4567324
   occ_dum14 |  -.1300412   .0946468    -1.37   0.169    -.3155511    .0554686
   occ_dum15 |  -.1768776   .0934116    -1.89   0.058    -.3599664    .0062112
   occ_dum16 |   -.742839   .0885067    -8.39   0.000     -.916314    -.569364
   occ_dum17 |  -.3989088   .1029865    -3.87   0.000    -.6007645    -.197053
   occ_dum18 |  -.7486547   .1225702    -6.11   0.000     -.988895   -.5084145
   occ_dum19 |  -.1957387   .0730814    -2.68   0.007    -.3389798   -.0524977
   occ_dum20 |  -.1667656   .0809185    -2.06   0.039    -.3253676   -.0081636
   occ_dum21 |  -.2585576   .0648936    -3.98   0.000    -.3857505   -.1313648
   occ_dum22 |   .0277002   .1028422     0.27   0.788    -.1738727     .229273
   occ_dum23 |  -.4312746   .0947522    -4.55   0.000     -.616991   -.2455582
   occ_dum24 |  -.4436309   .1305899    -3.40   0.001      -.69959   -.1876718
   occ_dum25 |   .0053138   .0898247     0.06   0.953    -.1707444    .1813721
   occ_dum26 |  -.2276799   .0848645    -2.68   0.007    -.3940162   -.0613437
   occ_dum27 |  -.6432103   .1769323    -3.64   0.000    -.9900014   -.2964192
   occ_dum29 |  -.3802571   .0720471    -5.28   0.000    -.5214709   -.2390432
   occ_dum30 |  -.3553149   .1243315    -2.86   0.004    -.5990074   -.1116224
   occ_dum31 |  -.2884029    .069595    -4.14   0.000    -.4248106   -.1519951
   occ_dum32 |  -.1959773   .0702644    -2.79   0.005     -.333697   -.0582575
   occ_dum33 |   .2823626   .1160856     2.43   0.015     .0548323    .5098929
   occ_dum34 |  -.2275584   .4162871    -0.55   0.585     -1.04349    .5883733
   occ_dum35 |  -.1908042   .0761269    -2.51   0.012    -.3400146   -.0415938
   occ_dum36 |  -.2113119    .067664    -3.12   0.002    -.3439348   -.0786891
   occ_dum37 |  -.2532079   .1846667    -1.37   0.170    -.6151586    .1087428
   occ_dum38 |   .0338863   .0844276     0.40   0.688    -.1315935    .1993662
   occ_dum40 |  -.0238197   .0797869    -0.30   0.765    -.1802037    .1325643
   occ_dum41 |  -.1821106   .1724486    -1.06   0.291    -.5201135    .1558922
   occ_dum42 |  -.2249178   .0738064    -3.05   0.002    -.3695801   -.0802556
   occ_dum43 |  -.6642363   .1428544    -4.65   0.000     -.944234   -.3842387
   occ_dum44 |   -.337773   .1603912    -2.11   0.035    -.6521431   -.0234029
   occ_dum45 |  -.2485936    .071523    -3.48   0.001    -.3887801    -.108407
   occ_dum46 |  -.1602047   .0903356    -1.77   0.076    -.3372644     .016855
   occ_dum47 |  -.9888792   .1235281    -8.01   0.000    -1.230997   -.7467614
   occ_dum48 |   -.237491   .0786745    -3.02   0.003    -.3916946   -.0832873
   occ_dum49 |  -.3800543   .1457296    -2.61   0.009    -.6656874   -.0944211
   occ_dum50 |   .0448982   .2264889     0.20   0.843    -.3990248    .4888212
   occ_dum51 |  -.2699164     .28559    -0.95   0.345    -.8296789    .2898461
   occ_dum52 |   -.328019   .0681135    -4.82   0.000    -.4615229   -.1945151
   occ_dum53 |  -.2386055    .100653    -2.37   0.018    -.4358876   -.0413234
   occ_dum54 |  -.4265428   .1062994    -4.01   0.000    -.6348919   -.2181938
   occ_dum55 |  -.3969789   .0962571    -4.12   0.000     -.585645   -.2083129
   occ_dum56 |  -.4125292   .0931539    -4.43   0.000    -.5951129   -.2299455
   occ_dum57 |  -.2616412   .1257099    -2.08   0.037    -.5080352   -.0152472
   occ_dum58 |  -.3664078   .0756721    -4.84   0.000    -.5147266   -.2180889
   occ_dum59 |  -.4896316   .0846178    -5.79   0.000    -.6554844   -.3237789
   occ_dum60 |  -.8285306   .2357053    -3.52   0.000    -1.290518   -.3665432
   occ_dum61 |  -.4006555   .1062527    -3.77   0.000    -.6089131   -.1923979
   occ_dum63 |  -.3221063   .0740073    -4.35   0.000    -.4671622   -.1770503
   occ_dum64 |  -.3131739   .0656878    -4.77   0.000    -.4419233   -.1844244
   occ_dum65 |  -.2757613   .0677781    -4.07   0.000    -.4086079   -.1429148
   occ_dum66 |  -.6481979   .1656846    -3.91   0.000    -.9729434   -.3234525
   occ_dum67 |  -.4234921   .0700277    -6.05   0.000    -.5607479   -.2862364
   occ_dum69 |  -.1734911   .5072823    -0.34   0.732    -1.167775    .8207929
   occ_dum70 |  -.1840765   .0829501    -2.22   0.026    -.3466605   -.0214925
   occ_dum71 |  -.3555219   .0779056    -4.56   0.000    -.5082186   -.2028253
   occ_dum73 |  -.3247894   .0695063    -4.67   0.000    -.4610232   -.1885555
   occ_dum74 |   -.119859   .1056703    -1.13   0.257    -.3269751     .087257
   occ_dum75 |  -.3240756   .0679313    -4.77   0.000    -.4572224   -.1909288
   occ_dum76 |  -.2684953   .0663708    -4.05   0.000    -.3985836   -.1384071
   occ_dum77 |  -.3324995   .0667849    -4.98   0.000    -.4633994   -.2015997
   occ_dum78 |   .0572027   .0715515     0.80   0.424    -.0830398    .1974452
 twoind_dum2 |   .4746785   .0752638     6.31   0.000     .3271597    .6221972
 twoind_dum3 |   .6114793   .1764775     3.46   0.001     .2655796     .957379
 twoind_dum4 |   .2042959   .0673046     3.04   0.002     .0723774    .3362145
 twoind_dum5 |   .0930919   .0746378     1.25   0.212    -.0531997    .2393835
 twoind_dum6 |   .1422151   .0706172     2.01   0.044     .0038038    .2806263
 twoind_dum7 |   .3179157   .0764987     4.16   0.000     .1679766    .4678547
 twoind_dum8 |   .1481748   .0784634     1.89   0.059    -.0056151    .3019648
 twoind_dum9 |   .1779829   .0690455     2.58   0.010     .0426523    .3133136
twoind_dum10 |   .1461474   .0654731     2.23   0.026     .0178186    .2744761
twoind_dum11 |   .2512016   .0652718     3.85   0.000     .1232675    .3791358
twoind_dum12 |   .2024629   .0669412     3.02   0.002     .0712568     .333669
twoind_dum13 |   .2490407   .0696683     3.57   0.000     .1124893     .385592
twoind_dum14 |   .2931317   .0695125     4.22   0.000     .1568858    .4293776
twoind_dum15 |   .3966328   .0695231     5.71   0.000      .260366    .5328996
twoind_dum16 |   .2210352   .0664381     3.33   0.001     .0908152    .3512553
twoind_dum17 |    .284281   .0667953     4.26   0.000     .1533607    .4152012
twoind_dum18 |   .2060214   .0653404     3.15   0.002     .0779528    .3340901
twoind_dum19 |   .2673637   .0844091     3.17   0.002     .1019201    .4328072
twoind_dum20 |   .2004948   .0684251     2.93   0.003     .0663801    .3346095
twoind_dum21 |   .2367959   .0669794     3.54   0.000     .1055148    .3680769
twoind_dum22 |   .3920385   .0723274     5.42   0.000     .2502752    .5338017
twoind_dum23 |   .4620514   .0744297     6.21   0.000     .3161676    .6079352
twoind_dum24 |   .2394297   .0812218     2.95   0.003     .0802331    .3986262
twoind_dum25 |   .2632328   .0781987     3.37   0.001     .1099617    .4165038
twoind_dum26 |   .3356382   .0717409     4.68   0.000     .1950245    .4762519
twoind_dum27 |   .3517477   .0709935     4.95   0.000     .2125989    .4908964
twoind_dum28 |   .3371725   .0745654     4.52   0.000     .1910228    .4833222
twoind_dum29 |   .2416272   .0652946     3.70   0.000     .1136483    .3696061
twoind_dum30 |   .1477782   .0803183     1.84   0.066    -.0096474    .3052038
twoind_dum31 |   .7777243   .7146953     1.09   0.277    -.6230937    2.178542
twoind_dum32 |   .1778212   .0674945     2.63   0.008     .0455305    .3101119
twoind_dum33 |   .3155572   .1655991     1.91   0.057    -.0090206    .6401349
    ten_dum2 |  -.0516431   .0088827    -5.81   0.000    -.0690533   -.0342329
    ten_dum3 |  -.1121194   .0110052   -10.19   0.000    -.1336899   -.0905489
censdiv_dum1 |  -.0375581   .0416403    -0.90   0.367     -.119174    .0440578
censdiv_dum2 |   .0486502   .0190952     2.55   0.011     .0112231    .0860772
censdiv_dum3 |  -.0616762   .0142152    -4.34   0.000    -.0895383   -.0338141
censdiv_dum4 |  -.0917596   .0132775    -6.91   0.000    -.1177838   -.0657354
censdiv_dum5 |   -.100683   .0148705    -6.77   0.000    -.1298295   -.0715366
censdiv_dum6 |  -.0459043   .0136604    -3.36   0.001    -.0726789   -.0191296
censdiv_dum7 |   .0660765   .0167636     3.94   0.000     .0332195    .0989335
censdiv_dum8 |  -.0159446   .0155901    -1.02   0.306    -.0465016    .0146123
censdiv_dum9 |  -.0305508   .0200546    -1.52   0.128    -.0698582    .0087566
   year_dum1 |  -.1517516   .0386292    -3.93   0.000    -.2274657   -.0760375
   year_dum2 |  -.2033421   .0307967    -6.60   0.000    -.2637043     -.14298
   year_dum4 |  -.1926683    .030124    -6.40   0.000    -.2517119   -.1336247
   year_dum6 |  -.1932628   .0297112    -6.50   0.000    -.2514975   -.1350282
   year_dum8 |  -.2186605   .0294493    -7.42   0.000    -.2763818   -.1609393
  year_dum10 |  -.1239969   .0291629    -4.25   0.000    -.1811568   -.0668371
  year_dum12 |   -.056025   .0290748    -1.93   0.054    -.1130122    .0009622
  year_dum14 |  -.0694462   .0289669    -2.40   0.017     -.126222   -.0126705
  year_dum16 |  -.0683721   .0290412    -2.35   0.019    -.1252936   -.0114506
  year_dum18 |  -.0329808   .0291301    -1.13   0.258    -.0900763    .0241147
  year_dum20 |   .0015568   .0293551     0.05   0.958    -.0559799    .0590934
  year_dum22 |    .011398   .0300268     0.38   0.704    -.0474551     .070251
  year_dum24 |   .0587519   .0309613     1.90   0.058    -.0019328    .1194366
  year_dum25 |   .0265774   .0326906     0.81   0.416    -.0374969    .0906517
       _cons |   .0906072   .0590355     1.53   0.125    -.0251036     .206318
------------------------------------------------------------------------------
note: occ_dum28 omitted because it is constant.
note: occ_dum39 omitted because it is constant.
note: occ_dum62 omitted because it is constant.
note: occ_dum68 omitted because it is constant.
note: occ_dum72 omitted because it is constant.
note: year_dum3 omitted because it is constant.
note: year_dum5 omitted because it is constant.
note: year_dum7 omitted because it is constant.
note: year_dum9 omitted because it is constant.
note: year_dum11 omitted because it is constant.
note: year_dum13 omitted because it is constant.
note: year_dum15 omitted because it is constant.
note: year_dum17 omitted because it is constant.
note: year_dum19 omitted because it is constant.
note: year_dum21 omitted because it is constant.
note: year_dum23 omitted because it is constant.
note: year_dum27 omitted because it is constant.
note: year_dum28 omitted because it is constant.
note: year_dum29 omitted because it is constant.
note: year_dum30 omitted because it is constant.
note: year_dum31 omitted because it is constant.
note: year_dum32 omitted because it is constant.
note: year_dum33 omitted because it is constant.
note: year_dum34 omitted because it is constant.
note: year_dum35 omitted because it is constant.
note: year_dum36 omitted because it is constant.
note: year_dum37 omitted because it is constant.
note: agebin4_dum8 omitted because it is constant.
note: agebin4_dum9 omitted because it is constant.
note: agebin4_dum10 omitted because it is constant.
note: agebin4_dum11 omitted because it is constant.
note: agebin4_dum12 omitted because it is constant.
note: twoind_dum1 omitted because of collinearity with another variable.
Computing plugin lambda ...
Iteration 1:     lambda = .0216576   no. of nonzero coef. =  52
Iteration 2:     lambda = .0216576   no. of nonzero coef. =  56
Iteration 3:     lambda = .0216576   no. of nonzero coef. =  56

Lasso linear model                          No. of obs        =     41,453
                                            No. of covariates =        159
Selection: Plugin heteroskedastic

--------------------------------------------------------------------------
         |                                No. of
         |                               nonzero    In-sample
      ID |     Description      lambda     coef.    R-squared          BIC
---------+----------------------------------------------------------------
     * 1 | selected lambda    .0216576        56       0.1202     91091.24
--------------------------------------------------------------------------
* lambda selected by plugin formula assuming heteroskedastic errors.

-------------------------
              |  active  
--------------+----------
       z_dum2 |     x    
       z_dum3 |     x    
       z_dum4 |     x    
       z_dum5 |     x    
       z_dum6 |     x    
    educ_dum2 |     x    
    educ_dum4 |     x    
     postgrad |     x    
    race_dum2 |     x    
          OLF |     x    
      student |     x    
     occ_dum1 |     x    
     occ_dum7 |     x    
    occ_dum12 |     x    
    occ_dum13 |     x    
    occ_dum16 |     x    
    occ_dum22 |     x    
    occ_dum25 |     x    
    occ_dum29 |     x    
    occ_dum38 |     x    
    occ_dum40 |     x    
    occ_dum50 |     x    
    occ_dum56 |     x    
    occ_dum59 |     x    
    occ_dum63 |     x    
    occ_dum67 |     x    
    occ_dum78 |     x    
  twoind_dum2 |     x    
  twoind_dum3 |     x    
  twoind_dum6 |     x    
  twoind_dum9 |     x    
 twoind_dum10 |     x    
 twoind_dum15 |     x    
 twoind_dum22 |     x    
 twoind_dum23 |     x    
 twoind_dum28 |     x    
     ten_dum2 |     x    
     ten_dum3 |     x    
 censdiv_dum2 |     x    
 censdiv_dum4 |     x    
 censdiv_dum5 |     x    
 censdiv_dum7 |     x    
censdiv_dum10 |     x    
    year_dum2 |     x    
    year_dum4 |     x    
    year_dum6 |     x    
    year_dum8 |     x    
   year_dum20 |     x    
   year_dum22 |     x    
   year_dum24 |     x    
   year_dum25 |     x    
 agebin4_dum1 |     x    
 agebin4_dum2 |     x    
 agebin4_dum4 |     x    
 agebin4_dum5 |     x    
 agebin4_dum6 |     x    
        _cons |     x    
-------------------------
Legend:
  b - base level
  e - empty cell
  o - omitted
  x - estimated

. 
. log close earnsel
      name:  earnsel
       log:  /Users/ethanballou/Documents/GitHub/LifetimeEarningsRisk/OtherOutp
> ut/ThirdDraft/3.2_EarningsSelection.log
  log type:  text
 closed on:  18 Aug 2026, 14:05:22
-------------------------------------------------------------------------------
-------------------------------------------------------------------------------
      name:  earnsel
       log:  /Users/ethanballou/Documents/GitHub/LifetimeEarningsRisk/OtherOutp
> ut/ThirdDraft/3.2_EarningsSelection.log
  log type:  text
 opened on:  18 Aug 2026, 14:33:43

. 
. local col = 0

. foreach m in fearn fhwage {
  2.         local sfx = cond("`m'"=="fearn", "_fearn", "")
  3. 
.         foreach o in gamma alpha {
  4.                 local ++col
  5.                 local dv = cond("`o'"=="gamma", "gammaP_WEIGHTED`sfx'", "a
> lphaP_WEIGHTED`sfx'")
  6. 
.                 lasso linear `dv' `LASSOCANDS', selection(plugin)
  7.                 lassocoef
  8.                 local ga_lasel_`col' "`e(allvars_sel)'"
  9. 
.                 * F-tests per control set, factor notation (as in the F table
>  above)
.                 quietly regress `dv' i.educwrths postgrad i.race OLF ///
>                         unemp student i.occ i.twoind i.tenurebin i.censdiv //
> /
>                         i.year i.agebin4
 10. 
.                 forvalues s = 1/12 {
 11.                         quietly testparm `TP`s''
 12.                         matrix GFT[`s', `col']  = r(F)
 13.                         matrix GFTP[`s', `col'] = r(p)
 14.                 }
 15.         }
 16. }
note: year_dum23 omitted because it is constant.
note: year_dum36 omitted because it is constant.
note: agebin4_dum12 omitted because it is constant.
note: occ_dum1 omitted because of collinearity with another variable.
note: twoind_dum25 omitted because of collinearity with another variable.
Computing plugin lambda ...
Iteration 1:     lambda =  .015728   no. of nonzero coef. =  12
Iteration 2:     lambda =  .015728   no. of nonzero coef. =  12

Lasso linear model                          No. of obs        =     80,661
                                            No. of covariates =        181
Selection: Plugin heteroskedastic

--------------------------------------------------------------------------
         |                                No. of
         |                               nonzero    In-sample
      ID |     Description      lambda     coef.    R-squared          BIC
---------+----------------------------------------------------------------
     * 1 | selected lambda     .015728        12       0.0014    -45262.19
--------------------------------------------------------------------------
* lambda selected by plugin formula assuming heteroskedastic errors.

------------------------
             |  active  
-------------+----------
   educ_dum4 |     x    
     student |     x    
   occ_dum52 |     x    
   occ_dum76 |     x    
 twoind_dum1 |     x    
twoind_dum32 |     x    
twoind_dum34 |     x    
    ten_dum3 |     x    
  year_dum35 |     x    
agebin4_dum1 |     x    
agebin4_dum2 |     x    
agebin4_dum6 |     x    
       _cons |     x    
------------------------
Legend:
  b - base level
  e - empty cell
  o - omitted
  x - estimated
note: occ_dum1 omitted because of collinearity with another variable.
Computing plugin lambda ...
Iteration 1:     lambda =  .014184   no. of nonzero coef. =  35
Iteration 2:     lambda =  .014184   no. of nonzero coef. =  35

Lasso linear model                          No. of obs        =     99,639
                                            No. of covariates =        185
Selection: Plugin heteroskedastic

--------------------------------------------------------------------------
         |                                No. of
         |                               nonzero    In-sample
      ID |     Description      lambda     coef.    R-squared          BIC
---------+----------------------------------------------------------------
     * 1 | selected lambda     .014184        35       0.0337     142318.3
--------------------------------------------------------------------------
* lambda selected by plugin formula assuming heteroskedastic errors.

------------------------
             |  active  
-------------+----------
   educ_dum4 |     x    
   race_dum1 |     x    
   race_dum2 |     x    
         OLF |     x    
       unemp |     x    
    occ_dum3 |     x    
    occ_dum4 |     x    
    occ_dum5 |     x    
    occ_dum9 |     x    
   occ_dum19 |     x    
   occ_dum26 |     x    
   occ_dum32 |     x    
   occ_dum48 |     x    
   occ_dum52 |     x    
   occ_dum69 |     x    
   occ_dum79 |     x    
 twoind_dum1 |     x    
 twoind_dum2 |     x    
 twoind_dum4 |     x    
 twoind_dum6 |     x    
twoind_dum10 |     x    
twoind_dum11 |     x    
twoind_dum13 |     x    
twoind_dum20 |     x    
twoind_dum26 |     x    
twoind_dum27 |     x    
twoind_dum29 |     x    
twoind_dum32 |     x    
twoind_dum34 |     x    
    ten_dum2 |     x    
    ten_dum3 |     x    
   year_dum1 |     x    
   year_dum2 |     x    
   year_dum4 |     x    
   year_dum8 |     x    
       _cons |     x    
------------------------
Legend:
  b - base level
  e - empty cell
  o - omitted
  x - estimated
note: year_dum23 omitted because it is constant.
note: year_dum36 omitted because it is constant.
note: agebin4_dum12 omitted because it is constant.
note: twoind_dum1 omitted because of collinearity with another variable.
Computing plugin lambda ...
Iteration 1:     lambda = .0155948   no. of nonzero coef. =   4
Iteration 2:     lambda = .0155948   no. of nonzero coef. =   4

Lasso linear model                          No. of obs        =     82,112
                                            No. of covariates =        182
Selection: Plugin heteroskedastic

--------------------------------------------------------------------------
         |                                No. of
         |                               nonzero    In-sample
      ID |     Description      lambda     coef.    R-squared          BIC
---------+----------------------------------------------------------------
     * 1 | selected lambda    .0155948         4       0.0010      -114315
--------------------------------------------------------------------------
* lambda selected by plugin formula assuming heteroskedastic errors.

------------------------
             |  active  
-------------+----------
   educ_dum4 |     x    
    occ_dum7 |     x    
    ten_dum3 |     x    
agebin4_dum2 |     x    
       _cons |     x    
------------------------
Legend:
  b - base level
  e - empty cell
  o - omitted
  x - estimated
note: occ_dum16 omitted because of collinearity with another variable.
note: twoind_dum1 omitted because of collinearity with another variable.
Computing plugin lambda ...
Iteration 1:     lambda =  .014063   no. of nonzero coef. =  45
Iteration 2:     lambda =  .014063   no. of nonzero coef. =  45

Lasso linear model                          No. of obs        =    101,315
                                            No. of covariates =        184
Selection: Plugin heteroskedastic

--------------------------------------------------------------------------
         |                                No. of
         |                               nonzero    In-sample
      ID |     Description      lambda     coef.    R-squared          BIC
---------+----------------------------------------------------------------
     * 1 | selected lambda     .014063        45       0.0211     32365.83
--------------------------------------------------------------------------
* lambda selected by plugin formula assuming heteroskedastic errors.

-------------------------
              |  active  
--------------+----------
    educ_dum4 |     x    
    race_dum2 |     x    
          OLF |     x    
        unemp |     x    
     occ_dum1 |     x    
     occ_dum3 |     x    
     occ_dum4 |     x    
     occ_dum9 |     x    
    occ_dum26 |     x    
    occ_dum29 |     x    
    occ_dum31 |     x    
    occ_dum32 |     x    
    occ_dum35 |     x    
    occ_dum48 |     x    
    occ_dum52 |     x    
    occ_dum69 |     x    
    occ_dum79 |     x    
  twoind_dum2 |     x    
  twoind_dum4 |     x    
  twoind_dum6 |     x    
  twoind_dum7 |     x    
  twoind_dum9 |     x    
 twoind_dum10 |     x    
 twoind_dum11 |     x    
 twoind_dum13 |     x    
 twoind_dum15 |     x    
 twoind_dum19 |     x    
 twoind_dum20 |     x    
 twoind_dum26 |     x    
 twoind_dum27 |     x    
 twoind_dum28 |     x    
 twoind_dum29 |     x    
 twoind_dum32 |     x    
 twoind_dum34 |     x    
     ten_dum2 |     x    
     ten_dum3 |     x    
 censdiv_dum3 |     x    
    year_dum2 |     x    
   year_dum15 |     x    
   year_dum20 |     x    
   year_dum27 |     x    
   year_dum28 |     x    
   year_dum35 |     x    
 agebin4_dum2 |     x    
agebin4_dum11 |     x    
        _cons |     x    
-------------------------
Legend:
  b - base level
  e - empty cell
  o - omitted
  x - estimated

. 
. log close earnsel
      name:  earnsel
       log:  /Users/ethanballou/Documents/GitHub/LifetimeEarningsRisk/OtherOutp
> ut/ThirdDraft/3.2_EarningsSelection.log
  log type:  text
 closed on:  18 Aug 2026, 14:34:30
-------------------------------------------------------------------------------
